xBePrplM4OA_6_18.avi,A woman is walking under horse and it poops on her head
IBgsLmDcL78_80_84.avi,A man is cutting butter
WqQonRVs7WA_0_10.avi,A slow loris is hanging down a chair and eating something
F2Ny7rq9RKs_139_148.avi,A person is adding spices in the bowl
D1tTBncIsm8_841_848.avi,A person is burning cameras
Z19zFlPah-o_6_11.avi,Clouds are moving across the sky behind an <UNK> building
drsPD5fI1IA_170_180.avi,A man is talking
6t0BpjwYKco_71_76.avi,A woman is peeling an apple
Hu9Sq1RvuoA_19_62.avi,A man is performing yoga
hcCLIzzB1jQ_1_7.avi,A man is doing one armed push ups
UXs3eq68ZjE_246_250.avi,A person is pouring water into a pan
Ce7equ9zCxk_4_19.avi,A bird is dialing a phone
IWhrWLOAin0_1_4.avi,A dog is eating food out of the refrigerator
HVR7KpItLfA_62_70.avi,A man is erasing the chalkboard
r2oI9Y-3wAo_21_28.avi,The panda bears played together on the step in the snow
E61HNXjgyqA_22_32.avi,A woman is singing
_o1UXSxTjfo_68_80.avi,A man is selling items
m1NR0uNNs5Y_192_198.avi,A woman is chopping garlic
kJY5BRCNAs4_3_6.avi,A baby is hanging up a phone
QqYWLR47eLI_10_18.avi,A slow loris is eating a piece of food
W8l_ezoU8Lc_76_86.avi,A man is playing a flute
s80J2dAUUyI_33_43.avi,A man is writing on a white board
-mAoVOhKy0c_4_9.avi,A train goes across an overhead bridge
IhwPQL9dFYc_24_30.avi,A woman is wrapping a block of tofu in paper
nhm_APPwhWk_6_12.avi,A man is crashing his bike when trying to perform a stunt
jcIrD7rNvTM_10_21.avi,A three legged dog is walking in grass
cJOZp2ZftCw_1_12.avi,A bird is dancing
0lh_UWF9ZP4_71_77.avi,A woman is cracking eggs
zv2RIbUsnSw_159_162.avi,Two kids are sliding down a slope that is covered with a sheet of wet plastic
yd8jh9QYfEs_4_10.avi,Women are leaving the backseat of a cab
PqSZ89FqpiY_65_75.avi,A woman is cooking broccoli
Kxa0mnDj0bs_15_20.avi,A cat is attacking the head of a toddler
cLNrpO6wBk4_37_47.avi,A man is playing the guitar
nV3Wv8iHp4U_0_38.avi,A puppy is playing on a sofa
kNHivduxQWg_0_14.avi,Two guinea pigs are eating <UNK>
ACK7SekJWts_140_150.avi,A man is putting a silencer onto a gun
_QJbjKkfdcs_52_57.avi,A man is playing violin
2jXxtQRy47A_30_38.avi,A bear is chasing a wolf
QTAqjSbMkXU_65_75.avi,A woman is preparing salmon to cook
PeUHy0A1GF0_28_32.avi,A woman is adding water to flour
0lh_UWF9ZP4_183_190.avi,A woman is slicing a tuna steak into strips
229NvV0SRHw_0_5.avi,A young girl is drinking from a cup
Sq7Vt6KC9Yg_17_35.avi,A person is placing ingredients into a blender
a28s_wyqkyc_68_77.avi,A man is running
CTIKmoEigCI_3_30.avi,A cat is tapping a dog
FHwC2THZJfA_0_10.avi,A loris is swinging
s8utHZYTNTs_35_42.avi,A person is cutting a piece of paper
nMBSDpB3WB8_5_14.avi,A woman is singing into a microphone
vub04F8CWng_32_41.avi,Two zebras <UNK> each other
7EOqi_6rnkg_36_44.avi,A man in a gorilla suit is playing the drums
AzMrltkXGJk_0_10.avi,A small boy is looking out side
gtixLEvO2Us_0_6.avi,A woman is dancing
hoinj6vyQ2g_8_16.avi,A man is playing a guitar
O9yLRzpPp44_167_190.avi,A woman is applying lipstick
Z3m9V8qPXhQ_13_24.avi,A man is playing the drums
uO7Eysrs8_k_80_90.avi,A man is riding a motorcycle
dMH0bHeiRNg_3_14.avi,A man is dancing on a stage
MW21lp833Vo_143_149.avi,A man is making a noose
jD4o_Lmy6bU_117_137.avi,A woman is rolling bread dough into balls
EA-J-Y6QjUo_40_61.avi,A cat opens a drawer and climbs in
5JSbxHECb-I_97_110.avi,A person is mixing cookie ingredients in a bowl
9BScZRpF7SI_31_36.avi,A man is jumping over a table
z0Si1XxMibg_0_30.avi,A baby is playing with a dog
yOnRm3TP6hM_0_12.avi,A puppy is walking backwards
dJCtOz32dnw_40_60.avi,A man is pulling eggs from his pants
Je3V7U5Ctj4_768_773.avi,A man is turning chicken wings on a pan
bDoCQEwghZU_201_211.avi,A man is talking on a cell phone while sitting in a chair
WTf5EgVY5uU_15_19.avi,A woman is cutting meat
dtwXtwJByYk_5_14.avi,A woman is writing
sFExO_PW22s_10_18.avi,A fish is swimming
puineN1UMto_25_29.avi,A squirrel is dancing
ulPvRmNfXK4_96_100.avi,A man is jumping over and against objects in the rain while holding an umbrella
kWLNZzuo3do_48_53.avi,A woman is peeling a lemon
Li3umATsU0E_1_5.avi,A cat is meowing
UXs3eq68ZjE_49_54.avi,A man is pouring tomato sauce into a pot
rw9h_574HxE_70_74.avi,A man and a woman are riding on a bicycle
F44bLc6t7-I_1_8.avi,A man is serving food to children
bxjFqtfJlMs_18_27.avi,A person is mixing spices and salt in a ceramic bowl
D1tTBncIsm8_248_254.avi,A man is drinking something out of a plastic cup and then he throws the contents of the cup on a camera that is sitting nearby
kWLNZzuo3do_262_270.avi,A woman is boiling noodles in a pot
_WRC7HXBJpU_386_391.avi,A man is pouring rice a roni into a pan
ZN2_czSBSD0_240_250.avi,A man is running towards a tornado in an open field
Z3rj9LbCOaM_0_12.avi,Otters are playing in water
Q-soOsOLIGQ_0_22.avi,A man is instructing a boy how to bat in cricket
0hyZ__3YhZc_279_283.avi,Someone is pouring oil into a pan
b_BuSVZwq6M_1_9.avi,A man makes a catch in cricket
FWzsXeXCwuc_106_110.avi,A monkey is climbing on a statue
9LOJmQQktHA_10_18.avi,A man is lighting a matchbook on fire
inLBPVG8oEU_18_24.avi,A man is dancing
NV6pq1W-I4g_7_16.avi,A woman is smoking a cigarette
wzfkC2TjdeQ_0_31.avi,A baby is kissing himself in the mirror
VZ6H73nH7xs_27_33.avi,A cartoon man is swinging on a trapeze
-joBOHlg5J0_72_80.avi,A woman is applying makeup to her face
D1tTBncIsm8_681_688.avi,A man is hammering a nail with a camera
x_8RiVI6rH8_41_54.avi,A man is <UNK> voice to a skull
fX5G_JwPlLo_640_660.avi,A man is cutting off the <UNK> fastened to a carton box using a knife
_O9kWD8nuRU_70_76.avi,A woman is peeling a potato
NjblUomxFQo_100_108.avi,Two women are cooking
nBJV56WUDng_38_47.avi,A man is peeling a banana
2I20ZTFHheg_96_104.avi,A person is cutting cloth with shears
u4kMN1jamdM_10_20.avi,A woman is riding a horse
unhiT2D6WvE_0_20.avi,A cat is playing inside a cardboard box
ObBss94n3gI_35_46.avi,A person slices an onion
rw9h_574HxE_127_133.avi,A man and a woman walk through the woods
EBWPZIjtnTM_1_6.avi,A woman is talking on the phone
ficwZQYmRLE_5_20.avi,A dog is sniffing a duck
0hyZ__3YhZc_352_356.avi,Someone is pouring tomato paste into a pot
jPBxl9gFqNY_110_117.avi,A man is pouring oil on a pan
Oq3FV_zdyy0_843_855.avi,A girl is using sign language
8PQiaurIiDM_143_151.avi,A man is cutting a boot in half with a sword
05gNigkqfNU_11_23.avi,A person is peeling a potato
t4vP-cXXWkY_14_20.avi,A jerboa is hopping across rocks
EKL6elkbFy0_16_30.avi,A machine sharpens a pencil
gnEE6oWoz7U_124_132.avi,A man is shooting a gun
-_hbPLsZvvo_49_55.avi,A woman is slicing a carrot
AjZ-R3LFMzo_18_23.avi,A man is performing stunts while riding his bike on the road
aeA-HN7BMdo_52_58.avi,A woman is slicing a tomato
2YhDTpzxd3c_149_154.avi,A woman is feeding a man
Zqmx-nXhLAg_0_10.avi,A man is playing with a monkey
Ffv7fhL1EDY_177_184.avi,A man is kicking a soccer ball down the field
a-cek0mvXxE_15_25.avi,A man is cleaning a floor
nq4hG6qgyPs_370_377.avi,A man is frying some onions
DLcuZ-HnHZc_0_10.avi,A wallaby is licking a person is arm
auFXfsCzAvQ_1_15.avi,A dog is walking on the <UNK> of the <UNK>
MICawzo1MqI_3_13.avi,A man makes a call on a cell phone
HZqscSWtHmo_24_34.avi,A man is singing
vloe_60s_dk_0_9.avi,A man is firing a gun
1dA1RQgPN3c_72_82.avi,A young man is drawing a face on a sheet
yyxtyCaEVqk_250_264.avi,A man is cutting carrots
lfGlDg47How_93_98.avi,A man is putting butter into a bowl
Xxcv5jvRmcg_39_46.avi,A woman picks a lobster from a box of lobsters
98shpdib9sg_55_62.avi,A young man is dancing
VU4qLrk5axA_40_58.avi,Men are practicing soccer
16iNk1hLJt4_37_40.avi,The racers lined up at the starting line
e-sf-hyrkTs_20_35.avi,A woman is playing the flute
wgrrQwLdME8_0_10.avi,A little kid plays the guitar
eTnlw7v8ea0_36_50.avi,A person is frying a food
25NmudB2fqg_0_7.avi,Two men are boxing
4PayIIIOeIs_230_238.avi,A man is shooting at targets
9IrWyZ0KZuk_160_166.avi,A man is playing an electric guitar
0hyZ__3YhZc_418_424.avi,A person is adding seasoning to a pot
CHFXTeQWXjo_206_212.avi,A man is fighting a group of men
kWLNZzuo3do_206_213.avi,A woman is adding flour to water
Y4BeJ-64294_20_30.avi,A man is shooting a gun
rwHT2SuNOi8_240_255.avi,A person is seasoning meat on a tray
s0hwEUC5emA_127_132.avi,A man and woman shake hands with each other
NjCqtzZ3OtU_62_67.avi,A woman is filling water into a steel saucepan from the tap of the kitchen sink
77iDIp40m9E_3_9.avi,The little dog peed on the bigger dog
b97TK8XVLHE_40_50.avi,A man is reading an email message
VfqlfprZsaQ_75_85.avi,Three women are dancing on stage
n2NLoLNecgI_168_178.avi,A woman is playing the violin
WV9K6MbLjHA_106_116.avi,A woman is riding a horse across a field
ACOmKiJDkA4_161_170.avi,A woman is making a rice ball
KPPCwmU5OHQ_227_238.avi,A man is pouring chicken broth into a pot
xSmfK498DjI_1_20.avi,A woman is performing tricks with a butterfly knife
WqwcWk1In_g_46_54.avi,A cow is eating grass
gqxpGOHUH9k_113_119.avi,A large group of people dance in a street
UbmZAe5u5FI_26_33.avi,A woman is adding salt to vegetables
tzd3AYTZq0U_0_6.avi,A small dog laying on the bed
MWvCcwTw7Ac_154_181.avi,A dog opens a can of food
KPPCwmU5OHQ_424_430.avi,A person with a knife is slicing meat
zTn-nNj5Bng_61_77.avi,A woman is riding a horse
xy9LLUUZ6ic_50_60.avi,A man is typing
8MVo7fje_oE_153_158.avi,A man is pouring pasta onto a plate
FTh5zPk34bQ_16_30.avi,A man is getting <UNK> in his head
mbesJaS6vwg_187_195.avi,Eggs are frying in a pan
UbmZAe5u5FI_111_115.avi,A person flips a fish on a grill
qvg9eM4Hmzk_1_9.avi,A man is lifting a truck
vulNlhUI6m0_7_27.avi,A man is wiping off another mans jacket
urXDqw3S34I_12_17.avi,A car is driving over a hill
OVEe1DMsOq0_43_52.avi,Ferrets are playing near their cage
9Q0JfdP36kI_19_27.avi,A person is cutting a piece of meat
J4otiwOjQy8_98_112.avi,A man is slicing an eggplant
7d1d2WlEnKs_0_12.avi,A kitten is sliding into an empty container
mF6ijhSrbBQ_32_40.avi,An otter is sliding on ice
nZSFn51l3hc_480_485.avi,A person is cutting ribs
0hyZ__3YhZc_485_490.avi,Someone is stirring a pot of chili with a spoon
uxEhH6MPH28_69_85.avi,A person is seasoning chicken pieces in a bowl
ri5AyXzxb4o_201_215.avi,A man is shooting a gun at targets
ysTmUTQ5wZE_17_45.avi,A panda bear climbs up a step
qeKX-N1nKiM_133_142.avi,A woman is frying something
kWLNZzuo3do_251_260.avi,A woman is frying shrimps
4lXdVS697DQ_10_25.avi,Two men are sailing a boat
Kf8oZGHDTt4_4_13.avi,Two men are running on the beach
lvFYUmDSOvU_34_38.avi,A horse is standing
crfrKqFp0Zg_15_25.avi,A man is playing the flute
6t0BpjwYKco_261_284.avi,A woman is frying pork meat
0SMOK2ql7Pg_5_12.avi,A cat is scratching a white board
88DOMJ11q2M_34_43.avi,A cartoon woman is taking a shower behind a screen
4_WZN7uW0NY_140_145.avi,Two people are sweeping mud from their house
uO7Eysrs8_k_106_114.avi,A man is riding a motorcycle and then falls into a puddle
bmOy6p87TWI_26_35.avi,Two men are talking
aeA-HN7BMdo_16_33.avi,A woman is slicing an onion
BR4yQFZK9YM_101_110.avi,Women are on treadmills
KeSQ5Rv7eH8_73_79.avi,A monkey is <UNK> a bottle of wine to a table in a restaurant
nCtZFOYAlvQ_44_49.avi,A person snowboards down a snowy slope
wFPmKChNrhU_3_11.avi,A man is riding a horse
y8SDRc4IOjs_94_99.avi,A person dices meat with a <UNK> knife
d_BWuttLRFM_42_52.avi,A boy plays a flute
veE0E79dEEc_18_45.avi,A man is cutting a potato
M_TP6UTrh30_343_358.avi,A band plays on stage outside
NVGGgncVq-4_111_117.avi,A girl is running as the earth opens up under her feet
o_mWZWcm2r4_10_15.avi,A boy is climbing a wall
2YhDTpzxd3c_240_245.avi,A man is breaking a concrete slab on a mans belly with a hammer
77iDIp40m9E_159_181.avi,A monkey is performing martial arts
6ZhKOK08tgM_225_233.avi,A man is crying
4wT7zM8XgXQ_5_11.avi,A car drives up onto the sidewalk
f9_bP219ehQ_63_70.avi,A man is speaking
0hyZ__3YhZc_380_384.avi,Someone is pouring water into a pot
me1D1WZ0yNM_120_124.avi,A person drills a hole through a piece of wood
ItFqogTmAvQ_281_286.avi,A man and a woman are talking to each other on the telephone
kRNHJSc4AXE_220_228.avi,A woman is dancing in the rain
JXSkYkiKO0I_42_46.avi,A man is doing push ups
z_qf7tOnHVg_81_89.avi,A man is eating a banana
m1c04pCYGxA_57_64.avi,A woman is climbing a rock wall
kquB3rIgfGk_525_532.avi,A man is slicing a cucumber
giLxPCgLLqg_9_19.avi,A man is catching a ball
IhwPQL9dFYc_130_136.avi,A woman is slicing tofu
L6dEUQ6WiHY_171_186.avi,A man is drinking <UNK> which contains a fish
5U3xz9Ovmhk_9_15.avi,A man is mixing flour and water
jcRCn7MeSbo_71_82.avi,A boy is talking to a giant dog
9gbUM9oHBNI_557_563.avi,A man is drinking water out of a glass
gtIz1u8g1F0_3_13.avi,A elephant is <UNK> with its trunk and <UNK> <UNK>
8yuPGwxwdPs_1_10.avi,A man is showing off a christmas card with iphone
IpHJffM3G1c_439_446.avi,A man is spreading butter on a bread
_JVxurtGIhI_32_42.avi,A woman is singing
VahnQw2gTQY_315_320.avi,A person with a knife is slicing an onion
e4QGnppJ-ys_6_14.avi,A man is riding a skateboard on a half pipe
UqBafx3iRKw_22_29.avi,A tiger cub is playing with a ball
u9E9HpuJQ7U_29_43.avi,A man is stacking onion rings on a grill
IiTzJQE67FA_36_46.avi,A man is talking to some creatures
aK8liAv-28s_72_82.avi,People are holding a dragon puppet
DBvSfds3FH4_76_80.avi,A woman is kneading dough
qqYysi3qotc_148_195.avi,A woman is braiding her hair
z2kUc8wp9l8_40_46.avi,A person is kicking a soccer ball back and forth between his feet
1rECrfrdNTo_200_207.avi,A woman is adding an egg to a pan
kWLNZzuo3do_17_23.avi,A woman is cutting a leek into slices
kWLNZzuo3do_152_164.avi,A woman is preparing some fish
UoPU8F9mus8_258_262.avi,A woman is exercising
B4foOe9kUgY_0_8.avi,A panda is dancing
_O9kWD8nuRU_77_81.avi,A woman is cutting a potato
LF51fban_x4_300_325.avi,A man is making a bed
N6SglZopfmk_97_111.avi,A man is putting on shaving cream
-dm-ds5rRaM_44_52.avi,The racers sprinted across the finish line
6t0BpjwYKco_254_258.avi,A woman is coating a piece of pork with breadcrumbs
ywMLb2VfHbI_13_20.avi,A hedgehog is running on a wheel in its cage
-FugkxLmGO4_5_16.avi,A dog and a puppy on in a <UNK> cage
8yS2wqwActs_2_14.avi,A dog is running around the yard
5XxshEdcfAM_96_107.avi,A man is dancing on the ceiling
6t0BpjwYKco_200_205.avi,A woman is cracking an egg
hxZ-5wELSJM_0_12.avi,Two men are playing table tennis
-wa0umYJVGg_271_276.avi,A woman is cutting meat
l57mQZvDaL4_10_30.avi,A cat is licking a dog is face
ItFqogTmAvQ_389_395.avi,A man and woman are running together
Ms3QdGIzltU_1_16.avi,A hamster is eating sunflower seeds
k8l4ETsylVY_9_18.avi,A dog jumps into and paddles across a pool
q8t7iSGAKik_11_31.avi,A man is kicking a soccer ball
lsanQj2yacs_80_85.avi,A girl jumps on a car
NMlKMfiHSho_1_15.avi,A cat is licking and rubbing a bottle
OKBLPpAPp9c_2_17.avi,A person is drawing a spiral on a red piece of paper
BVilbVCo9sU_1_11.avi,A cat is watching a bug on the floor
WTf5EgVY5uU_18_23.avi,A woman is slicing meat with a knife
02Z-kuB3IaM_2_13.avi,A wild boar is running
0hyZ__3YhZc_302_307.avi,A person is stirring vegetables in a pot
xXlWsBhFvis_6_10.avi,The lady exercised in the living room
TsagxA4DKuc_28_41.avi,A man is sweeping the floor
IhwPQL9dFYc_153_170.avi,A person is putting meat in a skillet to cook
bxDlC7YV5is_0_12.avi,A boy is playing the piano
pUPKsHTDZTo_70_85.avi,Two people are standing on a thin construction platform
SrDE9-cDz48_4_12.avi,A red panda is licking its <UNK>
Gw0FU733zzg_58_66.avi,A monkey pulls a dog is tail
BefkDBj5gSw_104_109.avi,A man is walking down a stone path
nq4hG6qgyPs_184_195.avi,A man is slicing a loaf of bread
XtQdAPV2UZs_4_11.avi,A man is lifting up a car
1dfR0A_BXjw_590_600.avi,A man is eating bread
lfGlDg47How_110_115.avi,A man is pouring chili into a bowl
elQqQfux7Po_12_22.avi,A dog is eating watermelon
gHyXstpe_N8_140_150.avi,A man is taking some pepperoni off of a pizza slice
s7znbqra118_91_97.avi,A group of people dressed in white <UNK> or jackets are marching down the street
onW5hJXnI5s_10_16.avi,A person on a horse is jumping hurdles
hkkmKk9LcQk_36_43.avi,A man is eating a banana
MY-rGamtAJc_6_22.avi,A white cat is looking out a window
QklHhN8pQBE_0_10.avi,A man is singing
Tied-t1fFsk_15_20.avi,A man is shooting at a distant target
30PpKtVT8Z4_35_50.avi,A man is playing the guitar
IhwPQL9dFYc_137_143.avi,A woman is cutting tofu
ACOmKiJDkA4_130_144.avi,A woman is frying some salmon
MF88IYF2MHY_25_59.avi,A cat is hissing and <UNK> at someone is feet
6GJ1DNOGDAM_223_233.avi,A woman is straightening her hair
YRSOc193Pxc_68_73.avi,A boy is cutting paper
W8l_ezoU8Lc_156_162.avi,A man is playing the guitar
PHDmVhShE80_78_82.avi,A woman is cracking an egg
VahnQw2gTQY_288_293.avi,A person with a knife is slicing a pepper
tIMDKdMnNYM_266_273.avi,A woman is applying makeup to her face
dfOuTx66bJU_11_14.avi,A man is playing flute
80D0ylOqPJ8_0_5.avi,A dog is walking on his front legs
edqyq4Q-7uU_103_109.avi,A man is dancing
hW8TKz2Aea4_5_12.avi,A person holds a hedgehog in their hand
9Q0JfdP36kI_56_64.avi,A woman is peeling a garlic
W_iR4YVCxUY_8_15.avi,A dog is playing with a toy
6njscWrdnM0_8_18.avi,A man is kicking a dummy
1sffYOXq4Iw_23_49.avi,A person is slicing potatoes into fries
e40bBP0_AbE_64_67.avi,A man is surfing
O_Pst-uryQI_1_14.avi,A woman is dying in a mans arms
CquJjlNuotg_147_155.avi,A man is cutting a paper plate
kk3TIio1-Uw_5_14.avi,A man is playing the violin
tqxRDVKtkSY_30_45.avi,A man is kissing a woman on stage
jdAbpLooDgM_10_15.avi,A man is <UNK> with a shopping cart
8MVo7fje_oE_166_171.avi,A man is pouring sauce onto some spaghetti
m1NR0uNNs5Y_224_230.avi,A person with a knife is slicing a pepper
Ms3QdGIzltU_10_20.avi,A hamster is eating sunflower seeds
JIoiUNOXGaI_98_104.avi,A woman is opening a closet
aRo8x3xXeEA_3_8.avi,A man is snowboarding
qypmR4O1Gwk_0_10.avi,A gazelle is attacking a baboon as the latter is holding a <UNK>
98Alrg4pFXs_148_153.avi,Two men are fighting
9HDUADeA2xg_3_31.avi,A puppy is playing with a ball
fr9H1WLcF1A_326_336.avi,Some boys are playing war
kKGehSw5ht8_39_45.avi,A man is <UNK> out his hand
2HpZvL-_fiY_40_44.avi,Two women are dancing
q-a6NEotUX8_5_10.avi,A soccer player scores a goal
fqly5kyO2MI_10_20.avi,A jackal is running through a field
AKVBK-0veE8_5_12.avi,A car is backing up
klFyrnrUSck_87_100.avi,A woman is frying something
ZnLgsasu82g_71_81.avi,A kid is riding his bike on top of a fence
c2a0GcoJAjw_52_73.avi,A man is <UNK> a statue
LwicaralvS0_90_104.avi,A man is pouring sugar into his coffee
3mbBbFH9fAg_21_29.avi,People are smiling
kZfBt5me3Pg_2_7.avi,A man and woman are riding a motorcycle
J3_hkgu6MGc_43_52.avi,A car is driving down the street
HPFLN5azwtA_56_63.avi,A badger is digging a hole
IhwPQL9dFYc_143_147.avi,A woman is pouring oil into a frying pan
HN-ccxID8IM_3_10.avi,A lemur is sitting on the ground
fjDvKHkmxs0_119_126.avi,A man is driving a car
hJFBXHtxKIc_118_123.avi,A person pours oil into a pot
4D1o4FC8YbA_29_39.avi,A woman is dancing in the rain
0lh_UWF9ZP4_38_46.avi,A woman is adding several ingredients to a bowl
7M-jsjLB20Y_11_30.avi,A woman is playing with a cat
LyYJiKxHZz0_0_10.avi,Two women are running
eZLxohGP4IE_147_158.avi,A man is cutting something with knife
0hyZ__3YhZc_341_348.avi,A person is adding ingredients to a pot of vegetables on a stove
VahnQw2gTQY_274_280.avi,A man is slicing bread
Rm-RnxN4oHA_215_225.avi,A man is firing a hand gun
3chNlP5TeO8_0_10.avi,A jet is flying out of the ocean
e996zZ0uV_A_152_163.avi,The man is pouring blending drinks into cups
c2MwqFYVE7A_40_45.avi,A target is being shot at
0hyZ__3YhZc_388_394.avi,A man is adding beans to a cooking bowl
m1NR0uNNs5Y_160_166.avi,A woman is peeling garlic
tZmDWltBziM_70_80.avi,A man is falling over on to the sidewalk
nc8hwLaOyZU_1_19.avi,A monkey is riding a bike
uVPnDJKt1M0_0_6.avi,A car is running on the ground
0lh_UWF9ZP4_165_170.avi,Someone is putting shrimp into boiling water
BGG0uYWZBdw_6_12.avi,A man is doing stunts on a bicycle
yId1rg5-ac0_40_50.avi,Two women are wrestling
aeA-HN7BMdo_34_41.avi,A woman is cutting broccoli
8MVo7fje_oE_85_90.avi,A man is pouring water from a jar into a plastic container
iyAoiWeD53k_120_127.avi,Two women are cooking
qvSxiVV7jhw_0_15.avi,A dog is <UNK> a ball in a pool
2YhDTpzxd3c_166_170.avi,A man is climbing a rope
1mIyMRPV8kg_9_17.avi,A man and a dog are playing basketball
-AwoiGR6c8M_10_14.avi,A boy is playing the piano
wsj_dzz33Ko_31_41.avi,A person is cutting parsley off the stems
Je3V7U5Ctj4_634_639.avi,A man is folding over a tortilla in a pan
1dfR0A_BXjw_524_532.avi,A person is slicing bread with a knife
GlW6n43pUQA_0_12.avi,A man is dancing
5PpPOGU_0aA_65_75.avi,A woman and man are <UNK>
V--abChiVVc_30_40.avi,A group of men are synchronized dancing on a pier of a lake
9WpJxn-2h1o_122_150.avi,An old man is reading a newspaper
B-Lsf7ZKf5c_10_25.avi,A man is pouring gasoline on a fire
_0nX-El-ySo_83_93.avi,A man is cutting paper
fr9H1WLcF1A_141_148.avi,A man is talking on a cell phone
lGk1MA6YP-M_36_48.avi,A woman is riding a horse
BefkDBj5gSw_233_240.avi,A man is riding a bicycle
88p7U5CnoYU_1_10.avi,A panda is lying on the ground and scratching himself
DcDYRpa34W8_11_25.avi,A baby is laughing
lFyPUgJCmtU_100_110.avi,A man is jumping rope
q9ew_nITQWY_54_62.avi,The men are playing cricket
IhwPQL9dFYc_78_88.avi,A woman is chopping green onions
HqbVbPvlDoM_0_11.avi,A woman and a dog are in an arena ring
DIebwNHGjm8_27_38.avi,A man is riding a motorcycle
r0E-0ntoNWo_20_30.avi,A hamster is eating a piece of broccoli
aC-KOYQsIvU_25_31.avi,A person is stirring a mixture
HkpUWzNNVt4_20_30.avi,Two couples are talking each other
u9prcUCHlqM_503_511.avi,A man is taking a picture of a person
Qwn0Ni9G5ow_64_69.avi,A trolley is driving through a city
gHyXstpe_N8_116_125.avi,A man takes a slice of pizza
fjDvKHkmxs0_72_87.avi,Two men are loading the trunk of a car
WTf5EgVY5uU_100_104.avi,A woman is cracking an egg into a bowl
YEmS8ZQIhTA_7_20.avi,A man shoots a basket in basketball
uy0HNWto0UY_18_25.avi,A man is getting out of bed
hJFBXHtxKIc_286_291.avi,A man is pouring pasta onto a plate
lm0z7eLsbbw_9_23.avi,A monkey is smoking a cigarette
sTMlQSbAGfE_0_12.avi,A man is touching a crocodile
xPR0xFgCAZY_17_27.avi,A person is slicing a green tomato
rKF0ZW34FRk_41_54.avi,A man on a bike performs jumps on a half pipe
mHv4iJ9Yr1g_10_16.avi,A puppy is chewing a cats ear
vuvpbeQak9Q_23_29.avi,People are riding a roller coaster
Kqb-mmkEWqU_1_5.avi,A boy is kicking a soccer ball into a goal
1RchFBCT9JU_43_53.avi,A hedgehog is eating food from the floor
zCf8NWJ8kzA_47_52.avi,A person is writing
FavUpD_IjVY_22_26.avi,Cows are dancing
ao-9B8IV9_E_87_95.avi,A goose is chasing a man
-wa0umYJVGg_23_41.avi,A woman is cooking meat
Gm1WnWVXYzQ_0_9.avi,A little girl is walking when a car to <UNK> a man in a jeep
idRc_KkInds_0_6.avi,A person is holding a baby tiger
X6uJyuD_Zso_3_17.avi,A man is chopping an onion
xxHx6s_DbUo_202_207.avi,A man is punching and kicking a dummy
6t0BpjwYKco_179_183.avi,A woman is grating cheese into a pot
81fABEiwcIM_31_45.avi,A man is singing and playing the guitar
kBMsuhDvg88_45_64.avi,People are forming a human pyramid
s-dSFyz_5Ww_31_41.avi,Two women are wrestling
w9mqbwOIkVg_6_12.avi,A man is lifting weights
8e0yXMa708Y_24_33.avi,A woman is climbing a cliff
6t0BpjwYKco_46_53.avi,A woman is peeling an eggplant
MJoxGpEswOI_9_16.avi,A man is throwing a basketball into the hoop while lying on the floor
Je3V7U5Ctj4_760_765.avi,A man is taking chicken wings on a pan out of the oven
AjZ-R3LFMzo_24_38.avi,A man is performing stunts with his motor bike
Td29-SApubM_48_57.avi,A polar bear cub watches itself in a mirror
6t0BpjwYKco_80_84.avi,A woman is grating a carrot
PCXHuseKwDc_17_20.avi,A man is pouring antifreeze from a large jug into his car
bmxIurBrW5s_51_70.avi,A woman is hitting volleyballs
1Dty_eGY9Ec_123_133.avi,A woman is painting the face of a man
ACOmKiJDkA4_75_81.avi,A woman is adding several ingredients to a bowl
CL49s8bO6Fg_1_11.avi,A kitten is walking around
UXs3eq68ZjE_235_240.avi,A man is stirring some ingredients in a bowl
ry7AUQtuwdU_4_39.avi,A man is playing the piano
OBLIjdMIIt8_54_61.avi,Cars are driving
hNOzHvsEmg4_31_36.avi,A goalie is blocking a shot during a soccer game
wn9rDTZj-m4_8_18.avi,A girl is playing a violin
DvYN53KBDr0_51_62.avi,Three men are hitting a car
8z-XGiU1KN4_9_17.avi,The kids <UNK> their act
-Ms9tsWmhyU_80_95.avi,A woman is playing the flute
NVGGgncVq-4_12_20.avi,Kids are playing
8CzlhZtunNc_5_11.avi,A leopard is licking its cub
JIKaIriiK8w_0_15.avi,A puppy is rolling on its back
3SKyc0aKx70_46_52.avi,Two kids are doing tricks on a trampoline
v_tGw5gwlEw_136_152.avi,A puppet is walking on a woman
qIXs7fUoLIg_1_11.avi,A little girl is singing
umjc1CkO4JA_290_305.avi,A man is chopping down a tree
xxHx6s_DbUo_57_61.avi,A man is doing pull ups
kWLNZzuo3do_222_227.avi,A woman is dipping a piece of fish into some batter
CcvJs77L-e8_15_22.avi,People are carrying bags
eZLxohGP4IE_15_25.avi,A man is cutting a piece of carpet with a knife
C_DDjCRxTxQ_1_4.avi,Two women are sitting close to each other and talking
PHDmVhShE80_36_46.avi,A woman is cutting and chopping onion
SRzoLVNgHoI_56_66.avi,Three women dance together in an open field
9Q0JfdP36kI_167_170.avi,A woman is placing skewers of chicken on cooking rack
TIubRrkku-4_1_10.avi,A man is spinning around in a machine
9Q0JfdP36kI_23_28.avi,A person is cutting fat from a piece of meat
5OuYhq6Zl0g_0_10.avi,Girls are dancing
m1NR0uNNs5Y_273_280.avi,A woman is slicing a pepper
ao-9B8IV9_E_72_77.avi,A woman is riding a horse
2YhDTpzxd3c_223_232.avi,A man is running to get <UNK> of a moving vehicle
xxHx6s_DbUo_36_40.avi,A man is doing push ups
u_6tre9_99Q_13_25.avi,Elephants are taking a dust bath
4yf2WP6K1gQ_28_32.avi,A woman is taking a bath
RX6NSOuCCAE_13_27.avi,A man is throwing knives at a tree
emblM4a76jg_5_15.avi,A boy is playing the piano
UgUFP5baQ9Y_0_7.avi,Three women are dancing
ge7OOILJA6U_20_25.avi,Three men are playing guitars
w28TljSqtW8_64_75.avi,A man is slicing an onion
8yoUaH6wGLs_22_30.avi,A motorcyclist is hit by a car
L8h2DazQZJY_0_10.avi,A woman is riding a horse
YwmUgVrUJ4I_0_15.avi,A woman is exercising
-wa0umYJVGg_139_157.avi,A woman is cutting an onion
oRBgVOiZVsc_16_22.avi,A woman is singing and playing the guitar
39Ce7I6nXIw_96_104.avi,A man is walking with a horse
Je3V7U5Ctj4_488_495.avi,A man is peeling an onion
D2FbgK_kkE8_121_151.avi,A woman is peeling a pineapple
1kYWws89W3Y_0_5.avi,A cat is climbing up a wall
0lh_UWF9ZP4_103_110.avi,A woman is cooking an egg
BtQEY2SL4g4_11_16.avi,A cat jumps off a pole
kEGmZDpZ_RE_248_293.avi,A woman is chopping up herbs
dQmaVQZz7EE_1_18.avi,A little boy is playing an electric guitar
BVjvRpmHg0w_231_250.avi,Two women are cooking meat inside a wok
omGWjiwxcTE_18_23.avi,Two men are fighting
MrMG15y3rWU_5_13.avi,A frog is biting a persons finger
eroAmLZ85DI_28_35.avi,A person is sharpening a pencil with a knife
WTf5EgVY5uU_121_135.avi,A woman is pouring ingredients into a frying pan
m1NR0uNNs5Y_57_64.avi,A woman is cutting an onion in half
otLEUwHao_E_140_151.avi,A man is singing
57C93mpt6Xo_358_368.avi,A woman is applying face makeup
7s0AXJtLL0Y_57_61.avi,A cat is walking on a floor
0sUL0KCIc48_15_25.avi,A dog is jumping in snow
o_mWZWcm2r4_47_54.avi,A girl is riding a bicycle
0hyZ__3YhZc_289_295.avi,A man is adding something to a cooking bowl
fMXfphSi6Yw_7_12.avi,A gymnast is falling on the balance beam
2YhDTpzxd3c_45_49.avi,A man is doing pull ups
KPPCwmU5OHQ_480_486.avi,A man is stirring soup
nHZsE7T7hwI_13_23.avi,A potato is being grated
hJFBXHtxKIc_163_168.avi,A man is adding some spice to a bowl
Ya-MkA187c8_36_45.avi,A woman is playing an electric guitar
nrZyPuRd5pU_85_92.avi,A cat plays
ZbtpcGi2DWY_56_62.avi,A polar bear is walking on ice
JsD6uEZsIsU_45_58.avi,A man is playing a guitar
XEOH3t5AYY0_22_29.avi,A man is riding a bicycle
yg4aNiO1JnI_111_114.avi,A dog is jumping on a trampoline
XZ0Ch_ClBfo_120_127.avi,People are playing at the beach
IhwPQL9dFYc_171_175.avi,A woman is adding ingredients to a pan that is simmering on a stove
s_ldnx8_etY_32_54.avi,A whisk is spinning in a bowl
tHLiYTS9Iz8_1_16.avi,Two men are boxing
4QYPZM01xFE_14_26.avi,A person is peeling an onion
ht2oIYBSoI0_9_21.avi,A woman is riding a horse
GPT4vUwlrXY_1_10.avi,A boy is looking at a calendar
8MVo7fje_oE_180_185.avi,A man is eating spaghetti
SaYwh6chmiw_15_40.avi,A train is moving down the tracks
IiTzJQE67FA_74_86.avi,A band is <UNK> displayed in the shadows on the wall
BIqVvRh_cEY_143_149.avi,A boy is running
gWRRHV7DLV0_21_31.avi,A man is stacking pumpkins
cFzSEIGrEfA_0_24.avi,A person is removing the scales from a fish is body
-_hbPLsZvvo_5_8.avi,A dog is barking
4kQnrKvOTNg_15_24.avi,A puppy is climbing down a staircase
0lh_UWF9ZP4_148_155.avi,A woman is preparing shrimps to cook
io2dbV-Qbus_215_247.avi,A man is making pancakes
GnwKcpfr_ng_47_57.avi,A man is reporting the news
x1i0UOssll8_141_151.avi,A shark is stealing someones fish
KPPCwmU5OHQ_56_62.avi,A man opens a can
BvHnDAsMtUA_0_13.avi,A cat is playing with a toy mouse
fd7Ky1lEPT8_40_50.avi,A person is cutting an eggplant into pieces
VLBsAPZ2DDE_34_41.avi,A dog knocks over a boy twice
-_hbPLsZvvo_19_26.avi,A person is slicing a cucumber
pFSoWsocv0g_8_17.avi,Two puppies are playing
C1MNCR1o9lU_0_7.avi,A woman is feeding a baby
_KMoC6ZdeXs_10_16.avi,A man is playing a guitar
1qU-kF-km1Q_6_16.avi,A man is talking with a puppy in hand
27hs9W89FuI_0_10.avi,A soccer player scores a goal
WEJfT-oB4v4_20_35.avi,A puppy is playing in front of a mirror
klFyrnrUSck_79_85.avi,A person is breading pork chops
vMoOpQQy6sI_22_55.avi,Two girls are dancing
v7NpKUVqjpI_23_40.avi,An elephant kicks a soccer ball
0piwbTivpDg_10_40.avi,A man is brushing his hair
UXs3eq68ZjE_508_513.avi,Someone is sprinkling seasonings into a bowl
YJ2aGe7CLBo_25_35.avi,A boy is playing on a toy phone
fGc6_D0JEIQ_31_46.avi,Three men in towels are dancing
Z10_CDPQKKs_1_6.avi,A boy is jumping on a pogo stick
6sKdTbRkahM_6_12.avi,A man is cutting a pineapple
UXs3eq68ZjE_194_200.avi,A man is cracking eggs
fJr2evLANsE_0_10.avi,A turtle is trying to play with a cat
jlahRlo4jlU_30_36.avi,A man is walking down a path
E4k0Aylzdyo_97_104.avi,A woman is taking a man on the motorcycle
yyxtyCaEVqk_329_360.avi,A man is putting seasonings on sliced carrots
xxHx6s_DbUo_32_36.avi,A man is running
PeUHy0A1GF0_74_77.avi,A person is cutting cabbage leaf
bQJQGoJF7_k_120_126.avi,A man is stirring seasoning mix in a bowl
_7nP9z6T9m8_11_17.avi,A man on a bike crashes into a road sign
MW21lp833Vo_8_16.avi,Two men are playing chess
_WRC7HXBJpU_414_425.avi,A man is adding water to a pan
KIEWo_xJ5nU_0_7.avi,A baby panda is getting its heart listened to
kSzS_lFtJDk_55_70.avi,A police car is <UNK> a car to spin out
7_XASfcYdBk_3_13.avi,A man is playing guitar
p69d3UBdpR8_98_109.avi,A girl is putting on eyeliner
-_hbPLsZvvo_211_219.avi,A woman is pouring eggs into a frying pan
DJWmm_Q9WvY_1_25.avi,A cow is eating grass
B7mP4zoDMwM_0_17.avi,A cat is watching dominoes fall
tYQ7O6V0Fvk_20_55.avi,A young boy is playing a guitar
ZdNP0dXCx2I_78_90.avi,A woman is driving with a man
30GeJHYoerk_63_75.avi,A person is spinning a pencil in their hand
wgrrQwLdME8_66_74.avi,A toddler wearing a diaper is playing a guitar
u9prcUCHlqM_235_241.avi,A man is taking a picture of the ocean
QA_JTtM1hKA_5_15.avi,A man is playing a guitar
4D1o4FC8YbA_207_216.avi,A woman is dancing
SULWQEAErKw_13_26.avi,A turtle is walking on some grass
b4mJ3AQc-ag_30_34.avi,A woman is shredding <UNK> chicken
7OGizkf_JEo_191_194.avi,A man is running on a rope
2YhDTpzxd3c_98_101.avi,A man is hitting another man with <UNK> of wood
ruNrdmjcNTc_0_5.avi,An american flag is waving
JhCvLmf9yr0_46_50.avi,A woman is slicing a lemon
WeOU0Iba1Xg_1_30.avi,A man is riding a horse
xb-Nacm-pKc_78_82.avi,A man is singing and playing a guitar
1N_Ic2pBM1o_2_23.avi,A woman is singing and playing the guitar
PuQVs2Ch1LY_5_15.avi,A girl is playing the flute
HzYtvOYOEoU_21_32.avi,A group of women dance together in a line
WTf5EgVY5uU_66_75.avi,A person is slicing a garlic into pieces
5XxshEdcfAM_85_100.avi,A man is walking up a wall to the ceiling
e-j59PqJjSM_163_173.avi,A man is cutting an onion
lexLAjh8fPA_27_31.avi,Doctors <UNK> to an injured man lying on a gurney
GnwKcpfr_ng_10_20.avi,A man and woman are reporting the news
8MVo7fje_oE_139_144.avi,A man is draining water from some cooked pasta
QhRqJp-CgEs_7_14.avi,A woman is lying in an <UNK>
i2GgBwlwV0c_24_31.avi,Milk is being poured on top of ice cream and strawberries in a blender
iTA0rWPE4nY_17_23.avi,A man is drying his hands on a towel
8MVo7fje_oE_130_136.avi,A man is draining pasta water into the sink
PugziVUikEg_117_140.avi,A woman is plucking her eyebrows
X7sQq-Iu1gQ_12_22.avi,A man is singing
TPhpsIK7pDc_25_32.avi,A hedgehog is sniffing and looking at the camera
UhI-p6AysWY_25_30.avi,A cat is licking its lips
6RlYLTU5gvM_18_24.avi,A toy train is moving
wpUT0DNB3qs_9_19.avi,A loris is eating its food
Zoz0HcCB1vU_0_10.avi,Dogs are pulling a sled
JXSkYkiKO0I_112_116.avi,A man is playing the drums
j1Z890_Q3so_131_138.avi,A woman is stirring a slurry
4t5POXt2e68_5_11.avi,A baby is laughing and falls over
b24_bb57PPk_631_637.avi,A man is serving food to other men
lR8RrUBhCQg_5_15.avi,A man is playing the trumpet
rq2p5ML8-WI_63_69.avi,A man puts a necklace on a woman
suj4VNfZz5E_33_50.avi,A man is slicing carrots
h0JvF9vpqx8_213_223.avi,A man is putting sugar cubes into some tea
6ZhKOK08tgM_45_49.avi,Three men are jumping off a wall
V4q5dQmpxIE_20_30.avi,A boy is playing the trumpet
YmXCfQm0_CA_68_75.avi,A man is carrying a tree branch
eKtsMfmQ_0s_61_68.avi,A man is mixing flour to make dough
MJNStEgDKXU_3_10.avi,A dog is barking
z1PEyzk4ADU_8_18.avi,A man is playing an instrument
hPyU5KjpWVc_0_35.avi,A man is lighting a cigarette lighter
0lh_UWF9ZP4_191_197.avi,A person is cutting a piece of fish into slices
ZxqkAGNyo8A_12_22.avi,A small girl seated on the bed is holding a mini piano and is trying to play it
0lh_UWF9ZP4_82_87.avi,A woman is whisking eggs
EVqc7e8JCco_5_15.avi,Two zebras are playing
Gh4Beb8StFM_29_50.avi,A man is dancing on a stage
yYA7YXIKbg4_9_14.avi,A dog is walking on a treadmill
BVy9SQI5R68_0_7.avi,A small baby lying on the bed on it is <UNK> back and crying <UNK> around on a towel
SzEbtbNSg04_111_117.avi,A person is placing noodles into a pot of boiling water
8D_oQnBPfNo_43_50.avi,A cat is licking itself
qIk_Dz5XE5E_104_109.avi,A group of people throw a mannequin over a cliff
WPG-BIWOrG4_635_640.avi,A man is slicing bread
gqSOvUH_njE_151_155.avi,A man is sliding down an escalator rail
kWLNZzuo3do_228_232.avi,A woman is frying shrimp in a large pan
i3cHNObcEh8_0_10.avi,A cat is eating a piece of watermelon
FH8vgAp4VDU_10_14.avi,A man is walking down some stairs
s20OlIRK340_147_174.avi,A woman is cutting potatoes into small pieces
Pr5LQq42l4M_12_17.avi,A man jumps from a building
swJ0zhVJ8DU_15_21.avi,People are getting off a train
UbmZAe5u5FI_36_40.avi,A woman is squeezing water from cucumber slices with her hands
xfRIRSWy0y0_10_20.avi,A man is tilling the ground
WTf5EgVY5uU_94_98.avi,A woman is salting peas
_O9kWD8nuRU_50_56.avi,A person is slicing a potato
XdB0pVjFYoU_1_8.avi,A person is holding a monkey
21uB8g-jDZI_70_79.avi,A man is riding a small scooter
ghynaoVNwZc_1_20.avi,A car is moving in a parking lot
6t0BpjwYKco_230_240.avi,A woman makes small cuts along the sides of a pork loin
JledeVyklPw_1_6.avi,Two babies are sitting in baby seats
HZ-BuDDmvVk_0_10.avi,A kitten is playing with a ball of yarn
rw9h_574HxE_59_66.avi,A man and a woman are walking in the woods
klFyrnrUSck_63_73.avi,A woman is coating a pork chop in flour
UXs3eq68ZjE_313_318.avi,Someone is pouring milk into a pan
xgIIcPSh4EU_0_6.avi,A boat is <UNK> along the water
DN7jwyL1Xgg_1_19.avi,The shuttle is soaring through space
_xf24TYgbuY_14_20.avi,A person is putting sheets of paper towels on a paper plate
lB1UPJ4leqs_1_6.avi,A girl is waking up
jTaLGh_MKCM_5_20.avi,A man is talking
WTf5EgVY5uU_104_108.avi,A woman is mixing eggs in a bowl
M4It3DrhbE0_13_22.avi,A kitten is playing with a rabbit
aQWCKcg0VRU_321_339.avi,A man is stirring chocolate in a huge bucket
p69Q8lTkZTc_21_29.avi,A man is hitchhiking
5U3xz9Ovmhk_99_105.avi,A man is chopping herbs
-8y1Q0rA3n8_108_115.avi,A man slices a soda bottle with a sword
kWLNZzuo3do_192_196.avi,A person is slicing a shrimp
EPgQ9QwbsLE_16_23.avi,A frog is biting a finger
ZDoy9S82ETA_5_15.avi,A car is climbing into a hill
rw9h_574HxE_13_18.avi,A man and woman are eating at a table
uH8ObB_dyOk_159_166.avi,Two women are shopping
fEsrO_poIUg_161_168.avi,A man is putting a knife to a machine
-8y1Q0rA3n8_95_102.avi,A man with a sword stabs a target
JMUAylpXzG0_45_62.avi,A woman is cutting a cake
iwpnUHFhjWc_84_94.avi,A woman is dancing
-_hbPLsZvvo_18_25.avi,A woman is slicing a cucumber
o4pL7FObqds_243_263.avi,A person is riding a motor cycle on the road
ZdlG8fjGJlo_78_87.avi,A person is cutting vegetables
xxHx6s_DbUo_240_248.avi,A man is kicking <UNK> of water
uZEGu-TA2cU_42_58.avi,A cartoon dog is riding a bike
krAk8WPZRL4_207_212.avi,A car is burning
6r5DmFa5ZR8_51_58.avi,Two foxes are eating food
kEGmZDpZ_RE_295_330.avi,A woman is cutting garlic from plant
hJFBXHtxKIc_204_209.avi,A person is pouring wine into a pot
dtn0PuxgfkM_0_5.avi,A man is pushed off a boat by another person
5l6acVf12S4_7_13.avi,A dog is running along a sidewalk
05gNigkqfNU_24_32.avi,A person is chopping potato slices with a knife
q-JHcsqJXWY_0_8.avi,A panda is lying on logs
JnNe61UZsdM_42_51.avi,A woman is dancing
-wa0umYJVGg_168_176.avi,A woman is placing green vegetables in a pot of boiling water
SzEbtbNSg04_70_85.avi,A person is smashing and cutting garlic cloves
WTx-K045yQM_85_98.avi,A person is slicing a tomato
GopEjCCu2jo_2_9.avi,A baby is smiling
PeUHy0A1GF0_62_66.avi,A woman is cutting meat
4PcL6-mjRNk_47_55.avi,A dog is playing with a tennis ball
6t0BpjwYKco_105_110.avi,A woman is pouring a yellow mixture on a stove
xxHx6s_DbUo_49_56.avi,A man is exercising
ybVb3t560oY_0_9.avi,Two rabbits are fighting
AjZ-R3LFMzo_5_10.avi,A man is performing stunts with his motor bike
lc9bA-hvqHU_1_6.avi,A man is bowling
XzCcRzEa83U_39_46.avi,A goose is attacking a man
-rkErLY0rRc_26_35.avi,A woman is cutting flowers
uiLr9bdOL0M_23_30.avi,A bird picks up a glass with its beak and moves it into a bowl
1QVn0FffExM_14_24.avi,A lion is lying on the ground
qPXynwa_2iM_15_25.avi,A dog is running through the water
_WRC7HXBJpU_395_401.avi,A man is stirring rice in a saucepan
ZsrPKtx0qyg_7_15.avi,A puppy is wagging its tail
GY5Dl00LrEI_2_13.avi,A woman is shooting a shotgun
YXixZrSxefk_49_59.avi,A person is placing potatoes in a bowl
8MVo7fje_oE_108_113.avi,A man is putting a dish of liquid in a microwave
qNjeEx92rTA_281_299.avi,A person is mixing ingredients for making a cake
vE1gvaM3iAs_39_46.avi,A person is cleaning a cd
Els1Cclg_sk_4_15.avi,A man is lifting a car
HDcIB1e9s5A_28_34.avi,A man and woman are dancing
hJFBXHtxKIc_225_230.avi,A man is pouring a can of tomato sauce into a pan of sausages
m1NR0uNNs5Y_123_129.avi,A person is slicing an onion
JIoiUNOXGaI_34_41.avi,A woman is washing a bowl
gbW9f8xydks_0_10.avi,Two loris are eating food
DKZg4kIEa0A_31_36.avi,A boy is skating
Uc63MFVwfrs_355_372.avi,A person is slicing a potato
dJ3ba9zwx6c_5_15.avi,A person is playing the piano
00jrXRMlZOY_0_10.avi,A person tickles a toad
-wa0umYJVGg_117_123.avi,A woman is peeling eggs
X0UJaprpxrk_18_26.avi,A helicopter with two people inside has landed on a water body
OaBmAg6gz30_4_18.avi,A person is slicing a cucumber
Je3V7U5Ctj4_504_511.avi,A man is chopping an onion
9LHg5RUGukI_63_68.avi,A man is taking <UNK> toaster scrambles out of a package
EdrZtaBUXIo_25_29.avi,A pumpkin is smoking
-_hbPLsZvvo_323_328.avi,A woman is preparing a food
gbUhorqLCzU_10_23.avi,An elephant is dancing
O2qiPS2NCeY_2_18.avi,A bird is eating
PQbkdRbir0M_45_53.avi,A girl is scooping the pulp of half an avacado with a spoon and putting it inside a blender
kWLNZzuo3do_38_47.avi,A woman is slicing some vegetables
Rq_VfjGH7kg_104_110.avi,A man and woman are riding on a motor bike
PeUHy0A1GF0_105_112.avi,A woman is cutting up some octopus
0vmoZEaN_-o_4_12.avi,A cat is playing with a watermelon
NaX51emUDn4_0_20.avi,A cat is watching water pouring into its bowl
GPyFZMJ5Dow_56_70.avi,A man is mixing ground beef in a bowl
-pUwIypksfE_13_23.avi,A panda is climbing
mCrRHP4LFmo_24_40.avi,Men are playing soccer
R8FDJgVW3Vc_0_4.avi,A woman is tapping her fingers on a table
5CS4nLI2ZX8_50_59.avi,Two elephants are pushing a car
5fq9iIxxA1s_12_27.avi,Two boys are talking to each other through a barbed wire fence
ACOmKiJDkA4_175_182.avi,A woman wraps a ball of rice in sea <UNK>
3n_Kqak2JdA_48_71.avi,A man is billing at the cash counter and handing over the <UNK> to a <UNK> at the store
zfQOH4UGU_I_1_10.avi,Dogs are barking
yPNFVj-pISU_105_115.avi,A man in a <UNK> costume is hitchhiking
YXixZrSxefk_17_48.avi,A man is slicing a potato
btuxO-C2IzE_64_72.avi,Two men are hugging a lion
pGCRurvXQGM_45_56.avi,A man is riding a scooter
WTf5EgVY5uU_218_236.avi,A woman is scrambling eggs in a skillet using chopsticks
XzCcRzEa83U_1_8.avi,A monkey pushes another monkey
K1ZM0LSLVw8_488_494.avi,A man is cutting a cucumber into <UNK> size cubes with a knife
kquB3rIgfGk_640_645.avi,A man is drinking water from the glass
lFdg5CWMTt0_24_28.avi,A man hits his finger with a hammer and <UNK> angrily
O06WXS_XZN0_0_6.avi,A man is petting a dog
g2IYQq7IkXc_124_132.avi,Polar bears are fighting each other
JktNQQnLblQ_4_9.avi,A cartoon woman is flipping a pancake in a skillet
BtQEY2SL4g4_126_132.avi,Two helicopters are flying and the rotors touch causing them both to crash
IytNBm8WA1c_63_67.avi,A person throws a cat on the ceiling
Yh2N6ZtRBdU_110_120.avi,A man is holding a woman
E6sqA9QtV5I_195_201.avi,A man and woman are kissing
R24RktgUi-s_5_15.avi,A soccer player kicks the ball into the goal
Qp-k0H93iJE_35_39.avi,A cricket player hits the ball
6t0BpjwYKco_53_59.avi,A woman is slicing a vegetable
sm0OYD0NSbQ_51_59.avi,A man is talking
rlQ2kW-FvMk_66_79.avi,A man is exercising
buJ5HDCinrM_150_166.avi,A woman is applying makeup to her face
nLvX-erABqY_67_72.avi,Two cartoon rabbits kiss
_txL575S_OA_13_23.avi,A herd of zebras graze in the savannah
hJuqBDw_TT4_105_112.avi,People are dancing
BVjvRpmHg0w_121_130.avi,A woman is stirring meat in a bowl
fkONJEgTNJY_25_35.avi,A dog is playing in water
qhknaG9ifbs_122_127.avi,A man is hitting a block of ice with a sword
IiIiY6o-C9k_49_55.avi,A man is opening a box and taking out paper
HO_ovIrLWfQ_1_11.avi,A man is rowing a boat
K1ZM0LSLVw8_481_487.avi,A man is slicing a cucumber
ok4cM6WTA5E_142_150.avi,A person is adding shredded cheese to a pot
fnpp8v9NbmY_181_188.avi,A woman is preparing flour to cook something
DBvSfds3FH4_84_88.avi,A woman is rolling out dough on a floured surface with a large wooden rolling pin
x_7BrCQdVUs_172_177.avi,A woman is waking a man
_ZwwKOzpt2I_69_76.avi,A person is cutting a piece of meat
nBFhvrAOFqY_23_29.avi,A monkey is riding on a bus
_O9kWD8nuRU_25_35.avi,A woman is cutting a vegetable
Cxxx6wJ1jNo_0_10.avi,A person is holding a newborn kitten
4Tn5S48sCwg_110_118.avi,A woman is bathing a baby
fr9H1WLcF1A_256_261.avi,Two men are playing ping pong
6owu8Mow0_g_384_389.avi,A man puts a pizza into an oven
LEz0puaKNTk_38_48.avi,A woman is kneading dough in a glass bowl
zTn-nNj5Bng_8_19.avi,A woman is riding a horse
gyOVZz7kXyM_1_10.avi,A man is brushing a cat
YS1mzzhmWWA_9_16.avi,A man is peeling a carrot
0lh_UWF9ZP4_21_26.avi,A woman is slicing ginger
kWLNZzuo3do_145_151.avi,A woman is peeling shrimp
bSrpvMSuhPM_17_31.avi,A man and woman are talking
UXs3eq68ZjE_382_387.avi,A person is adding sugar in the pan
TZ860P4iTaM_11_20.avi,A cat is playing a piano
BVjvRpmHg0w_47_51.avi,A woman is pouring sauce on a bowl of beef
LQ-jv8g1YVI_1_6.avi,A cat is riding on a roomba
30GeJHYoerk_80_85.avi,A man is rollerblading through cones
IEQyCcageGg_99_126.avi,The <UNK> of rugby are demonstrated through an animated version of two teams playing the game
kWLNZzuo3do_56_62.avi,A woman pours water onto mushrooms
_OBlgSz8sSM_15_32.avi,A baby is biting a boy is finger
nBFhvrAOFqY_89_103.avi,A monkey takes his shirt off
lKADopH3qFY_0_10.avi,A cat is playing with a ferret
DIebwNHGjm8_133_148.avi,A woman is riding a jet ski
zr9OeyfLPPY_4_9.avi,A toy fish is swimming
WPG-BIWOrG4_755_761.avi,A man is cutting a frozen tube of ground meat with a knife
pdrBPJYfTC8_33_39.avi,The cartoon people on mugs moved by themselves
62I8I4sCPPQ_12_30.avi,A man is jumping backwards into the water below
PCXHuseKwDc_68_76.avi,A woman is knitting
D9I1Z6O_mbw_112_119.avi,A man and woman is riding on a bike
pfQPRXcihkI_135_144.avi,A person is peeling a potato with a potato peeler
j7xz1nos-xc_10_20.avi,A little boy is playing a piano
UXs3eq68ZjE_209_214.avi,A man is adding some sauce to cracked eggs
0vmoZEaN_-o_5_21.avi,A cat plays with a watermelon
6owu8Mow0_g_302_307.avi,A man is putting cheese on a pizza
kWLNZzuo3do_31_37.avi,A woman is opening a package of sushi
xtbsD3PUua4_174_185.avi,A woman is cutting a mango
kWLNZzuo3do_25_32.avi,A woman is cutting herbs
74tRCYS_534_49_57.avi,A man lays a <UNK> on the ground
JnNe61UZsdM_78_88.avi,The lady danced in the living room
Kms3EXosNS0_8_17.avi,A man is peeling an apple
0NPtAv3_uVI_46_54.avi,A woman is water skiing
wNv74rvkAw8_30_40.avi,Five kittens are eating from dishes
hW8TKz2Aea4_40_50.avi,A person is washing a hedgehog
zH4v_DClIoc_3_28.avi,A man is shooting at targets
i3fd4nE8OCI_174_181.avi,Two men are fighting with each other
Lyp7MiaCXNE_114_120.avi,A person puts water drops on a skillet
dZBIdRGKRhM_13_32.avi,Two men are walking through a nightclub
gGDtPJzh_0s_30_45.avi,A person is spreading butter onto a piece of bread
OCcy9TDRGKo_41_51.avi,A person is slicing bread
IpHJffM3G1c_412_418.avi,A man is slicing bread
4UOVKok7j1U_1_8.avi,A man is playing a guitar
kquB3rIgfGk_197_202.avi,A man is pouring orange juice into a pitcher
ok4cM6WTA5E_178_184.avi,A person is pouring pasta into a pot of tomato sauce
P6eo3LULuuc_1_11.avi,A car is driving down a winding road
ItFqogTmAvQ_240_246.avi,A man and a woman are riding a motorcycle
bQJQGoJF7_k_162_169.avi,A person is pouring marinade in a bag of chicken
o2X6UCaNqKA_27_36.avi,A man is running and shooting at targets
nd0ToNwccl4_12_17.avi,A man is talking
EjAoBKagWQA_132_145.avi,Two robots are kissing
-_hbPLsZvvo_269_275.avi,A person removes pieces of food from a pot of hot oil
EwTZ2xpQwpA_14_21.avi,A man is singing
O9yLRzpPp44_36_55.avi,A woman is applying mascara
4s_0-zIWEog_1_15.avi,A man is eating cereal
1_6V30igzIk_5_15.avi,A slow loris is walking
cSDkshD2ME0_11_14.avi,A man is shooting another man
YmXCfQm0_CA_50_57.avi,Two men are pushing loaded carts through the forest
l5JJ2n2ggiQ_319_327.avi,A man is lifting big rocks
HJHPB_Y8GZE_22_28.avi,A dog is barking at itself in a mirror
77iDIp40m9E_119_123.avi,A cat jumps out of a toddler
60x_yxy7Sfw_1_7.avi,A man is looking at a computer
AE9UaQwum8c_0_10.avi,A person is petting a monkey
IiIiY6o-C9k_59_64.avi,A man is removing something from a package
G_hxdUG6QXE_23_28.avi,A man is singing and playing a guitar
h0JvF9vpqx8_36_42.avi,A woman is tumbling backwards off a mushroom and downstairs
0hyZ__3YhZc_598_603.avi,A man is blowing on a fork full of hot food to cool it down
x68Djm_Q0GA_0_10.avi,A man and woman are riding a motorcycle
SzEbtbNSg04_71_93.avi,A person is chopping garlic into small pieces
yNy9jTeolUk_8_12.avi,A moose drinks from a water sprinkler
LLkehH86ABY_30_36.avi,A young man is playing a guitar
C12BRGGcd5E_101_117.avi,A woman is washing her hands
64Xn9edeWRA_0_11.avi,A cat is swinging from a ceiling fan
cCmnN96zIeQ_14_24.avi,A man dances on a bench
D9I1Z6O_mbw_141_146.avi,A man and a woman are walking in the woods
j2Dhf-xFUxU_20_29.avi,A person is slicing a tomato
Sg5rTYrkpnU_35_48.avi,A man is pushing a van
mmSQTI6gMNQ_15_21.avi,Two men are walking outside
sMscRb9TcQE_146_161.avi,A police officer handcuffs an old woman
pqTWUzehCUM_42_47.avi,Two men sign to us as we drive by and two boys skateboard
gCra4qOrjFw_1_17.avi,A soldier is firing two <UNK> automatic weapons
UgUFP5baQ9Y_0_10.avi,Three women are dancing
FOOM-wA2rOY_77_86.avi,A man is attacking a woman
s-dSFyz_5Ww_13_23.avi,Two women are wrestling
5dZ8PXABC30_14_20.avi,A person on a gurney is taken into a hospital
m1NR0uNNs5Y_104_110.avi,A person with a knife is slicing an onion
PeUHy0A1GF0_51_55.avi,A woman is pulling dough of a plate
aJoDt4DMkFU_118_124.avi,A woman is sewing
QsvBYKaCXEc_5_15.avi,A shark is swimming through water
W8l_ezoU8Lc_55_70.avi,Two men are playing guitars
nPj6EcVGoUY_7_15.avi,A dog is playing with a fly
2MCpA01Sn_c_75_82.avi,A deer jumps the fence into a backyard
gHyXstpe_N8_95_100.avi,A man opens a pizza box
nZSFn51l3hc_318_326.avi,A person is cutting fat from some ribs
Sj6GSmDpNDw_0_12.avi,A man and woman are dancing
kWLNZzuo3do_167_181.avi,A woman is preparing shrimps to cook
ifS2nXfCyYo_4_34.avi,A guinea pig is eating a carrot
clKtfGBVI1I_15_28.avi,A man is talking
oeaVXK2GAyc_4_21.avi,A little girl is talking on the phone
Ugb_uH72d0I_8_17.avi,A man is playing a guitar
H9Oplnr8WcE_24_34.avi,A person is surfing on sea
ggic669elLM_200_215.avi,A man is talking to a puppet
0lh_UWF9ZP4_50_60.avi,A woman is adding and stirring in three different ingredients into a bowl of cooked white rice
zMg9dChF97A_12_38.avi,A man is slicing a potato
Lr8ds5iY5uk_8_15.avi,A man is speaking at a podium
qDjtN7xxNr4_44_51.avi,Two men are fighting
6t0BpjwYKco_240_247.avi,A woman is coating a pork chop
VahnQw2gTQY_298_305.avi,A person with a knife is slicing a pepper
_O9kWD8nuRU_45_49.avi,A woman is peeling a potato
zYcY4mjLpxU_104_118.avi,The bridesmaids had a tea together
hEOGZoYSvT4_82_86.avi,A girl falls down
-wa0umYJVGg_100_115.avi,A woman is boiling two eggs
UxhKb-zZoWE_0_15.avi,Two sumo wrestlers are wrestling
tYh4iDFgmEE_10_14.avi,A man is eating a pizza
QsC8__3lwO0_50_60.avi,A person is seasoning some quail in a bowl
ACOmKiJDkA4_49_54.avi,A person is chopping food
PTxHJMM6hHE_0_15.avi,A boy is playing a video game
0lh_UWF9ZP4_157_160.avi,A woman is putting sticks into shrimp
lb8J2zCQTlo_3_8.avi,A person is slicing meat with a knife
05gNigkqfNU_25_34.avi,A person is chopping potatoes
o4pL7FObqds_72_78.avi,A man is racing with his motorcycle
xxHx6s_DbUo_173_177.avi,A man is breaking boards
bAYIIlX-WWw_5_15.avi,A man is playing a flute
-vg3vR86fu0_1_6.avi,A kid rides his bike
rw9h_574HxE_229_236.avi,A man and a woman are walking together
sWqi41wyXcQ_68_79.avi,A man is lifting weights
ub-aYLzCF_Q_1_10.avi,Two boys are playing on a raft
xaPepCVepCg_35_46.avi,A turtle is walking
z9qbQX4J_2g_0_14.avi,Children are singing on stage
-DRy7rBg0IQ_31_37.avi,A girl is swimming under water
UbmZAe5u5FI_101_110.avi,A woman is putting a fish on a grill
WTf5EgVY5uU_54_58.avi,A woman is slicing a mushroom
xtbsD3PUua4_84_94.avi,A woman is mixing ingredients in a bowl
tn1d5DmdMqY_15_28.avi,A man is playing a guitar
q7pOFn8s4zc_27_36.avi,A man and woman are riding on a bicycle
L6dEUQ6WiHY_136_142.avi,A man jumps and falls into water
kquB3rIgfGk_537_544.avi,A man is putting cucumber slices into a pitcher of water
vpR0L3sIvoo_15_49.avi,A cat is jumping after a toy
4ikH9ZRcF2Q_89_105.avi,A squirrel runs around in a circle
YmXCfQm0_CA_7_16.avi,A man is on a boat
KPPCwmU5OHQ_258_266.avi,A man is putting chicken into a pot of water
tmAX2PnRCY0_284_292.avi,A person is pouring coconut water into a bowl
W8_63NiTENw_23_30.avi,A man is cooking <UNK> <UNK>
Lt1JijkvSKk_0_10.avi,A slow loris is chewing something
n6U-TGahwvs_100_110.avi,A band is playing onstage
WG0J2B19ZT8_1_33.avi,A man is styling a woman is hair
5-8z5U-o4O4_0_3.avi,Horses are racing
ITNh8tWZPOA_5_25.avi,A man is playing a guitar
oDcd2JbOyzg_85_98.avi,A man is slicing an onion
HkuOqWzXYVg_0_12.avi,A small animal rolls around on a towel
r2PM0om2El8_18_25.avi,Two women are walking and talking in a garden
izU1dDwnuMY_80_92.avi,People ride their bikes
swKrHEeOj9c_4_8.avi,A cat is meowing at a wall
hksxtbcS780_7_14.avi,Two pandas are laying together
KUc1cWKXjDc_20_30.avi,Two ducklings <UNK> around in the grass
p9g06ktIkJg_4_11.avi,Several furry animals are huddled together
ZK4W-2ifl6I_1_28.avi,A puppy is playing in a tub of water
c_-eFL7Sfw4_19_35.avi,A person is doing a wheeling on his bike
ItFqogTmAvQ_48_52.avi,A man is jumping over a wall
NKtfKR4GNjU_0_20.avi,A baseball player is attempting to hit a ball with his bat on a field while another man is fielding sitting behind him
hJFBXHtxKIc_310_315.avi,A man is eating spaghetti
VuCFgiWfVF4_0_6.avi,A man is buying <UNK>
LqPIBHAmt4E_22_30.avi,A man is singing while playing the guitar
0ONJfp95yoE_1_10.avi,A cat is playing with an antenna
JIoiUNOXGaI_8_13.avi,A woman is carrying a bag of cans
kI6MWZrl8v8_149_161.avi,A man is singing and playing guitar
MWvCcwTw7Ac_78_86.avi,A dog is trying to get a stick through an open gate
m1NR0uNNs5Y_73_78.avi,A woman is peeling an onion
6t0BpjwYKco_142_151.avi,A woman is adding something to a pan
r4qv_BNlQNk_119_124.avi,A boy is talking to a leaf
IpHJffM3G1c_464_470.avi,A man is sprinkling spices onto four buttered bread slices
6gQu8PWhFoQ_30_35.avi,A man on a motorcycle jumps it into a lake
-YI0cxuNcq8_262_272.avi,A woman is exercising on the floor
ao-9B8IV9_E_108_119.avi,A woman is holding a very monkey
DAmOfcvfKZ0_22_32.avi,A man is slicing some carrots
-_hbPLsZvvo_288_305.avi,A woman is making sushi
ZYaxg5NZW_g_21_27.avi,A monkey is chewing something
pcjuCotJYj8_50_62.avi,A woman is rowing in a green canoe down a flooded street
BOv-2HzNPaA_7_12.avi,A dog is sliding into a pool
oFUsn1owAbs_158_168.avi,A woman is taking a bubble bath
MHWxjWwAbwM_10_25.avi,A dog is climbing some stairs
s20OlIRK340_125_138.avi,A woman is peeling a potato
BOLKaQeB6j0_101_111.avi,A woman is peeling a potato
-s4-6QTT7HE_235_241.avi,People are dancing
yyxtyCaEVqk_321_328.avi,A man pours oil on slices of carrots
cmQ3SiIaWy4_4_20.avi,A cat pops out of the box to attack a finger
fMFvOgb4k6E_35_43.avi,A woman is using a hoe
2G9fkvBzzQE_10_20.avi,A woman is holding a microphone to a parrot is mouth
-rkErLY0rRc_63_67.avi,A woman is picking a water can
-wa0umYJVGg_286_290.avi,A woman is boiling noodles in water
ul9Xvjt83eI_111_120.avi,Two men are talking
xOQn1z_oWDY_30_39.avi,A person is drawing a cartoon
hXn7D6-AAMA_0_9.avi,A baby sloth is climbing over the edge of a plastic enclosure
W1052h2rzoA_91_98.avi,Two men are performing on stage
_WRC7HXBJpU_451_464.avi,A man is putting meat into a pan
iarsmqA3dck_19_25.avi,A cheetah runs through a field
9OxQ-2gR1DU_18_38.avi,Two women are fighting with swords
tBj4Ny19vfQ_54_59.avi,An animal walks through the jungle
ejgwQqCHN1E_7_12.avi,A man is writing
-bjOB4zS0uE_100_105.avi,A woman is stirring a cream in a glass with a spoon
AoNnzlGhI04_112_128.avi,A woman is watching tv
e3XkmpNcSt4_8_19.avi,A person is making a new file folder on their computer
08pVpBq706k_175_212.avi,A cat is playing with a paper bag and then it stuck on its head
pGsU4FekJQM_10_18.avi,A dog is laying on the floor
WPG-BIWOrG4_608_613.avi,A man is slicing a tomato
labytsb3gfI_146_154.avi,A clown is singing
zzit5b_-ukg_5_20.avi,A little boy is riding an elliptical machine
Ow_o78zjo14_42_57.avi,A gorilla is playing the drums
lAznAeFFldg_6_10.avi,The man rode his bike over the woods
Ud3Qy8m6OxQ_52_62.avi,A little boy is riding a tricycle in a circle on a concrete patio
qeKX-N1nKiM_123_130.avi,A woman is sprinkling something on food
6t0BpjwYKco_59_69.avi,A woman is cutting a pepper
xxHx6s_DbUo_121_128.avi,A man is lying on his stomach on a road with his hands outstretched as a white car runs over his fingers
kWLNZzuo3do_147_153.avi,A woman is peeling shrimp
zWVQImPY2Cc_27_44.avi,A man pours detergent into a sink full of water
FxIuFwMhOu8_18_26.avi,A cat rolls over on to its back
c_XV7nPoRg8_2_12.avi,A man is playing an instrument
c76tShLfQb0_74_81.avi,A man is carrying another man
TF6LNmwDr_0_2_10.avi,A cat is licking a lollipop
kWLNZzuo3do_76_80.avi,A woman is cutting a mushroom
ePujnD4qJO0_62_77.avi,A woman is walking on a pavement of a street as music plays in the background
d7eGypGOlOc_13_22.avi,A man is drawing some figures
IhwPQL9dFYc_61_75.avi,A woman is slicing ginger
d4AGWnHJcaY_6_19.avi,A hamster is eating off the ground
Je3V7U5Ctj4_997_1004.avi,A man is pouring sauce onto some chicken
bQJQGoJF7_k_109_115.avi,A man is adding something to water
_WRC7HXBJpU_360_370.avi,A man is melting butter in a pan
sXyjCgR0rAc_0_11.avi,Two people are hugging and kissing
gIvetX_oXeI_85_90.avi,A man is doing some exercise
QGJy1K91gP4_90_100.avi,The wind blew the trees in the storm
kBjUDCyDCuI_20_26.avi,A man is shooting a gun
xdhLQCYQ-nQ_50_63.avi,A cat jumps into a cardboard box
J7zb8YXrmIA_93_99.avi,A man is riding a bike
5zkCnHUnoYY_69_74.avi,A woman is brushing her hair
j4dMnAPZu70_11_18.avi,Panda bears are sliding
ACOmKiJDkA4_146_153.avi,A woman is tearing apart a piece of salmon
d1zdJO3CqVw_1_35.avi,A woman is holding a dancing baby up
NNYLo1OeZ-Q_48_54.avi,A woman is washing vegetables
SzEbtbNSg04_214_224.avi,A person is cooking shrimp
4QdX5Q3qQsQ_38_44.avi,The man is singing
pQYEZTwSVbQ_12_18.avi,A man is talking to a woman
Vn0Xv0fb1z4_18_30.avi,Two lions are watching television
_9iG5Ge01PM_3_11.avi,A kitten is falling asleep
qew09qQgMAg_22_27.avi,A man is crawling on the ground
C2rDp6FnbP0_10_17.avi,A man is playing the guitar
UbmZAe5u5FI_44_55.avi,A woman is chopping some leaves
Uc63MFVwfrs_360_372.avi,A person is slicing a potato
jsEUFYhiqxU_121_128.avi,An eagle swoops on a rabbit
0hyZ__3YhZc_364_370.avi,Someone pours water into an empty tomato sauce can and swishes it around to remove the sauce on the side
2YhDTpzxd3c_22_27.avi,A man is running on a road
0bSz70pYAP0_5_15.avi,A plane is flying in the air
ao-9B8IV9_E_175_187.avi,A dog is climbing over a boy to get out of a <UNK>
Z3XarHZ3HpY_10_17.avi,A tiger is running in the wood
ZvJvNcukZ4w_0_10.avi,A badger is attacking a fox
0hyZ__3YhZc_562_568.avi,A person is stirring a bowl of chili with a spoon
WTf5EgVY5uU_130_135.avi,A person is frying onion
-vKO3uSG6Do_3_14.avi,Three animated women are synchronized dancing
0lh_UWF9ZP4_215_226.avi,A woman is cutting a scallop
MdOAr_4FJvc_5_15.avi,A man is playing the piano
HYbEf-JKZnA_13_26.avi,A man is slicing water bottles
qeKX-N1nKiM_74_77.avi,A woman is slicing a pumpkin
aHiUM8uWxxo_17_25.avi,Two boys flying a toy airplane
aDjNl5gs4nM_18_47.avi,A person is chopping an onion
HJHPB_Y8GZE_259_263.avi,A cat and dog are playing
OxL9z2BzBnk_0_19.avi,A puppy is trying to jump out of a bathtub
qzQzooI4BqU_5_15.avi,A man is playing a flute
WPG-BIWOrG4_130_134.avi,A man is putting a pan of food in the oven
6KS8R3RxrV8_0_23.avi,A dog is sitting on a <UNK> at a store
PeUHy0A1GF0_122_127.avi,A person cuts up shrimp
CHVhwcOg6y8_1_12.avi,Two boys are playing video games
ZlX_Gy4HP2E_38_55.avi,A woman is exercising
TFJ6oR89Vb8_90_107.avi,A person is mixing tomatoes and eggs in a frying pan
xBW_uR3kGr4_42_55.avi,A woman is measuring another woman
0RWJEOScToE_414_421.avi,A person <UNK> off a piece of meat
R0e8ojL0vcc_8_14.avi,A man is slicing a piece of banana bread and setting it on a plate
JpjAgSvr42k_0_12.avi,A baby is playing with a stuffed animal
Je3V7U5Ctj4_558_563.avi,A man is spreading butter on a tortilla
6Q3ltyPJJMQ_67_72.avi,A man is lifting weights
p6T3XrnYtFk_4_13.avi,A goat is walking
f_CvW22Eauc_16_23.avi,A man is walking
t4aPGtx7e6k_0_10.avi,A monkey is teasing a dog
6t0BpjwYKco_217_229.avi,A woman is seasoning a piece of meat
fHfpMUDrQCs_17_31.avi,A man is drying a woman with a towel
bLqmf8x7rLI_2_8.avi,A dog is walking in front of a street
btxCxlO1Euc_1_20.avi,Two cats are fighting
JsD6uEZsIsU_1_47.avi,A man is playing a guitar
eyMYc-37Sk4_0_10.avi,A kitten is playing with an object
dc4UltkRJsw_53_59.avi,A boy is trying to a push a <UNK> tree out the street in the rain
pfQPRXcihkI_127_138.avi,A man is peeling a potato
Kxa0mnDj0bs_113_124.avi,A polar bear <UNK> across the ice
5U3xz9Ovmhk_214_222.avi,A man is spooning a mixture from a pan on the stove into a small metal bowl
WrsS6X-FB-I_30_47.avi,A man is slicing a loaf of bread with a knife
BVjvRpmHg0w_157_165.avi,A woman is cutting broccoli
3opDcpPxllE_50_66.avi,A car is driving backwards during a police chase
g2IYQq7IkXc_23_32.avi,A polar bear is running on a strip of land in the ocean and appears to be chasing off many walruses
0lh_UWF9ZP4_199_207.avi,A person is cutting a meat into pieces
QMJY29QMewQ_42_52.avi,A woman is beating eggs with a pair of chop sticks
0hyZ__3YhZc_410_417.avi,A man is adding spice to a pan
1dfR0A_BXjw_441_448.avi,A person is seasoning dough
lrZxpneS6Gk_0_12.avi,A girl is ice skating with her dolls
MPuKVz3sjBA_1_12.avi,A baby is laughing
uB9zRlV47qA_17_23.avi,Two bear cubs are digging
-rvjK0lE3z4_33_43.avi,A woman is cutting a potato
27mxaePkYB4_8_14.avi,A giraffe is kissing its baby
pfQPRXcihkI_160_184.avi,A man slices potatoes
-_hbPLsZvvo_172_179.avi,A woman is adding ingredients to a bowl
lsanQj2yacs_102_108.avi,Two girls are making a sandwich
hbE29pZh76I_3_8.avi,A basketball player makes a shot
sJC7E06IBXI_49_59.avi,A car is driving itself
WTf5EgVY5uU_16_24.avi,A woman is cutting chicken
6t0BpjwYKco_15_31.avi,A woman is cutting an onion
73vUksucPz8_12_20.avi,A woman is playing the <UNK>
_pj2Nutu5v8_1_8.avi,A toddler with headphones on is talking
Aa7yf9XtcJM_45_50.avi,Two women are dancing
nc0fVlaTYEs_34_44.avi,A man is tearing paper
2jkExrrm_sQ_19_25.avi,A dog is swimming
8PQiaurIiDM_173_180.avi,A man is cutting meat with a sword
zHy7pM0U49w_103_109.avi,A man is slicing an onion
UbmZAe5u5FI_16_23.avi,A woman is slicing a cucumber
nTasT5h0LEg_40_43.avi,A cat is rubbing against baby is face
Qtu-PXuvCx4_12_17.avi,A baby is eating chocolate
ZL7P_XmSnEY_205_209.avi,An umbrella is floating on water
dmyz_f8Sx14_56_66.avi,Men are jumping in the swimming pool
sRKQfxxEP4M_117_125.avi,Women are dancing
RiglOfJon8I_3_18.avi,A soccer player is attacking a <UNK> referee
OpR1Er5o6IY_209_217.avi,A man is feeding a rat to a snake
9LHg5RUGukI_58_63.avi,A man is taking frozen food out from a package
BnJUWwSx1kE_11_22.avi,A wombat is walking
7bcV-TL9mho_0_7.avi,A group of puppies is slowly approaching a sitting cat
mv89psg6zh4_33_46.avi,A bird is taking a bath
W20Btaww6zc_134_139.avi,A man is crushing garlic with the back of a knife
b-d-CxHaKGU_10_30.avi,A man is teaching math on a whiteboard
8PQiaurIiDM_247_255.avi,A man slices a garbage can with a sword
msCidKHOh74_410_418.avi,A man is riding a motorcycle
9OvXb1fot74_21_29.avi,A line of women are dancing
D1X6qXkLjYE_41_49.avi,A woman is dancing
D1tTBncIsm8_725_740.avi,A man kicks a soccer ball into a camera tripod
pRpeEdMmmQ0_1_18.avi,A soccer player scores on a <UNK> shot and <UNK>
c2a0GcoJAjw_107_129.avi,Women are dancing
zhLcONtNkew_16_21.avi,A man picks up a card
jfrrO5K_vKM_55_65.avi,A man is opening a box up
OCcy9TDRGKo_118_127.avi,A man is sprinkling cheese on bread
sv5YlZspb30_10_20.avi,A group of japanese farmers are planting rice crops in a field
onxE6PpEXes_8_25.avi,A little boy is playing at the beach
WTf5EgVY5uU_32_52.avi,A woman is chopping an onion
ngHDYzhDBk4_24_29.avi,A girl is eating a cupcake
kWLNZzuo3do_154_165.avi,A woman is preparing some fish
8MVo7fje_oE_113_118.avi,A man is starting a microwave oven
7uOiiA4Kxbo_23_35.avi,A man is riding a bicycle with a dog
lB1UPJ4leqs_0_6.avi,The little girl woke up from her <UNK>
5AEldiUP408_65_71.avi,A man is running
5fDBl1wT2Lk_34_39.avi,A large green ball knocks a potato over
9Wr48VFhZH8_45_50.avi,A tiger is playing with a man
hJuqBDw_TT4_14_25.avi,A woman is being pulled into water
bK-i_FAcpoY_86_92.avi,A man is smoking
_yUiusXxfWI_150_165.avi,A person is starting a fire with a bundle of twine
hM3jzlyNIpc_0_10.avi,A hamster runs on a wheel then gets spun around and flipped off
rV5VmhY3-Sw_65_76.avi,A man is walking down the street singing
53dc4z7HLyg_16_23.avi,A monkey is teasing a dog at the zoo
GMuijLIJH-U_1_10.avi,People are dancing
8mSUD7JGNO0_174_181.avi,A woman is riding a horse
OE6H_M52Sng_89_97.avi,A man is squeezing water
0lh_UWF9ZP4_174_178.avi,A person is peeling a shrimp
X56XkGFe7OY_47_61.avi,Raccoons are eating
zYcY4mjLpxU_45_55.avi,A child is sprinkling flowers on her head
j2sOMdilDWU_87_97.avi,A man is drawing
MWzeInQaUk4_12_20.avi,A man is singing
r0rmrbTb7fU_98_109.avi,A woman is applying eye shadow
tYh4iDFgmEE_50_54.avi,A man is playing a ukulele
TnPOZVHB3x0_45_55.avi,A man is riding a skateboard
dP15zlyra3c_0_10.avi,A fox is walking on snow
PJnJMp2ZpbA_3_15.avi,Two boys are playing
YmXCfQm0_CA_140_156.avi,A man is dragging a deer through the woods
R24RktgUi-s_24_28.avi,A soccer player is running on a field
PECk9A-07Pw_1_9.avi,A man is playing two keyboards
kWLNZzuo3do_77_83.avi,A person is cutting mushrooms
zuYZ5kPatJE_78_116.avi,A cat is playing with a ball
kEGmZDpZ_RE_352_370.avi,A person dices a vegetable
TZ860P4iTaM_10_24.avi,A cat is playing a piano
Jfu-WkuCgD0_140_150.avi,A man is showing a sesame seed bun
AGRFy5hDQiY_31_38.avi,A man is pole dancing and falls off the ledge
PHDmVhShE80_20_29.avi,A woman is cutting an octopus tentacle into pieces
oDcd2JbOyzg_38_55.avi,A person is slicing an onion
WTf5EgVY5uU_98_104.avi,A woman is cracking an egg into a bowl
t8Nf1MK7lts_0_10.avi,A drill sergeant is speaking to some soldiers
PeUHy0A1GF0_68_73.avi,A person with a knife is slicing green onions
UXs3eq68ZjE_320_325.avi,A man is stirring rice pudding
VLBsAPZ2DDE_58_64.avi,A boy is running
hNECyt6Bo0A_5_10.avi,Three people are marching
4R-tumAGrtU_12_22.avi,A woman is shooting a gun
bb6V0Grtub4_174_185.avi,A man is playing the drums
PmrTDZy3f2M_35_39.avi,Two men are dunking basketballs
nq4hG6qgyPs_240_251.avi,A man is cutting an onion
pRpeEdMmmQ0_65_70.avi,Women are dancing
OIjsSu_I4So_6_10.avi,A truck is driving down a road
IY1Fn796MoY_7_10.avi,The boy cut the grass with scissors
ao-9B8IV9_E_37_44.avi,A lion is pawing a man
3FnUTQMJVXI_31_36.avi,A kitten is playing with a shoe
KpmVL4ANieA_0_9.avi,A monkey is teasing a dog at the zoo
-9CUm-2cui8_39_44.avi,A woman is boiling okra
TwQzFqBqgeA_0_10.avi,A man is sitting on the beach watching people play in the water
1hPxGmTGarM_9_19.avi,A cat is meowing
qeKX-N1nKiM_37_43.avi,A woman is cutting and cleaning a shrimp
1dfR0A_BXjw_545_560.avi,A person is spreading butter onto a piece of bread
cs33MNhpRNw_16_21.avi,A flight attendant is closing the plane is door
WTf5EgVY5uU_108_116.avi,A woman is adding ingredients to egg
htry5uxX0-Y_45_52.avi,A girl is making her bed
a0g7wtBkS98_34_42.avi,A woman jumps off of a cliff
bQJQGoJF7_k_145_153.avi,A man is placing meat into a plastic bag
RieF9wrFd8s_1_8.avi,A person is firing a gun at night
0lh_UWF9ZP4_79_82.avi,A person is adding ingredients into a bowl
X_NLV2KCnIE_60_70.avi,A car is blowing up
qeKX-N1nKiM_106_115.avi,A woman is mixing flour and water in a bowl
8BL9qmFRbd4_6_13.avi,A man and woman are walking into a lobby
WPG-BIWOrG4_672_677.avi,A man is cutting a fish
KPPCwmU5OHQ_467_472.avi,A person is adding chopped vegetables into the soup
yU5sxW9bErQ_0_17.avi,A man is riding a horse
XNV7hKVu-Xg_40_47.avi,A group of people ride off on their horses
YUlG_PKzpvc_0_8.avi,A large number of penguins are marching
PiyoeFC31kE_9_27.avi,A man is riding two horses
9zXqkHvs0po_59_65.avi,A woman is cracking eggs
L9wD3kw-8FE_65_73.avi,A man is cutting a branch in half with a machete
D1tTBncIsm8_198_205.avi,A man is throwing a bag down an escalator
mOZkcBcWR8o_6_12.avi,A little girl is pushing a small stroller
RMznbCn5sQs_0_10.avi,Zebras are running in an enclosed area
SzEbtbNSg04_28_48.avi,A person is peeling shrimp
IHIa75B9AhI_2_26.avi,A girl is blowing a bubble with her gum
ZbzDGXEwtGc_6_15.avi,A plane is flying
N5wsl86P37Q_1_15.avi,A man is playing an electronic keyboard
8PQiaurIiDM_94_99.avi,A man is cutting a rope with a sword
05gNigkqfNU_78_84.avi,A person is chopping an egg into quarter slices with a knife
uqVCk2oDpSE_194_200.avi,A man is slicing a bun
4Hhdr1IPOGs_1_10.avi,A baby is falling asleep
Afmc6FeN-hM_20_24.avi,A group of people are dancing in front of an airplane
LjimLwAhAOQ_5_15.avi,Two girls are talking on the phone to each other
cSDkshD2ME0_12_15.avi,A man is shooting a horseman
f_GnkweYzzI_35_41.avi,A man on a roof is tossing bricks down to another man on the ground and then hits him in the head
kWLNZzuo3do_38_42.avi,A woman is slicing some cheese
jxdubZzQrio_33_46.avi,A man is spreading out dough
itxzpFW1z7E_22_36.avi,A kitten is biting itself
kWLNZzuo3do_86_93.avi,A woman is adding water to mushrooms
O9cOSO9L8Zs_1_16.avi,A man is swinging on a rope
oSnYUfCGiCA_7_17.avi,A woman is applying eye makeup
iwpnUHFhjWc_9_14.avi,A woman is dancing
po2tcrG6KzM_2_8.avi,A man is playing the piano
Je3V7U5Ctj4_582_587.avi,A man is putting cheese on a tortilla
3lBHYoI5V8s_30_45.avi,A person is cutting a soft cheese in half
TjLCJKoot4U_43_65.avi,A bear runs from a cheetah
47D9-U8hn5I_11_16.avi,A cat is walking on a table
YXixZrSxefk_6_15.avi,A person is peeling a potato
msCidKHOh74_392_399.avi,A man is riding a motorcycle
nULE40HEWpA_5_11.avi,A person is playing with a kitten
klFyrnrUSck_42_46.avi,A person is seasoning a pork chop
m4D72WXFd8s_557_564.avi,A woman takes a picture
WPG-BIWOrG4_683_689.avi,A man is cutting a fish and himself
o4pL7FObqds_137_147.avi,A person is eating at a table
4QdX5Q3qQsQ_6_14.avi,A man is thinking
W6_XuNhgtrM_2_5.avi,A man on a motorcycle jumps a sand dune and wipes out
C9LHk0AJI7U_196_205.avi,A man is kneading dough
F1BwUJ4--Qw_21_38.avi,A man is shooting guns
rVFJzN20jhQ_27_32.avi,A man is hitting a boy with flower vase
zHy7pM0U49w_110_116.avi,A man is slicing a tomato
c75SIlAjfjg_6_14.avi,Kids are dancing on a stage
HypgcCT1r68_38_46.avi,A woman is reading a paper aloud
a8PAY4rvzRM_1_10.avi,A chicken is pecking at a dead mouse
zbAk0gX7kas_16_24.avi,A monkey is sucking on a finger
iCiGjZEV7VI_65_75.avi,A woman is applying makeup to her eyebrows
WAa4-cctmDk_55_70.avi,A woman is rolling dough
ItFqogTmAvQ_361_365.avi,A man is riding a motorcycle
fgWFxFg7-GU_10_26.avi,A man is playing an acoustic guitar
3_51FhosiVY_93_101.avi,A man is talking on the phone
Tm1HjqK0ABg_9_15.avi,A man is skateboarding
p6cg2jWI34M_34_42.avi,Three white lion cubs are playing
hReROJQpSow_24_30.avi,A baby is laughing
-t-ZWaJeH-o_0_15.avi,Two women are singing
bnN_o0Hkn3M_73_80.avi,A man is shooting a gun
2LgrGHWSy6k_122_135.avi,A woman is drinking from a bottle
xEDCfcMZlZY_37_41.avi,A man is mowing
onW5hJXnI5s_126_133.avi,A horse and a rider are falling to the ground
9LSuyLyuUiM_3_6.avi,A boy is speaking
ao-9B8IV9_E_77_81.avi,A woman is getting <UNK> off the ground
vDhEpqfhVI0_0_8.avi,A panda bear is chewing on a stick
GcfWD62sbcs_13_33.avi,A squirrel has a yogurt cup on its head
yfMTsYcLt10_0_7.avi,A man runs jumps bangs his entire body on the opposite wall and falls on the floor after arguing with another man
t3VPeyYL-fI_35_39.avi,A person is mixing egg with a beater
1dYpcVv6n3Y_0_18.avi,A baby is watching and dancing to a music video
6eokrw6_bjU_1_9.avi,A woman is firing an assault rifle into a hill
i2sRHf9m5KM_28_42.avi,A dog climbs into a washing machine and is looking out the door
sBjr8UJOpsQ_149_169.avi,A man and woman are dancing near a waterfall
xxHx6s_DbUo_82_86.avi,A man is climbing a rope
Zg0p5TXi_Cc_30_46.avi,A person is cleaning the top of a small freezer
c51L6ZxZGjQ_137_154.avi,A woman is spreading butter on bread
LYSPQqUvNO0_43_57.avi,A dog jumps into the water and catches a fish
DB-3-TVjrxU_58_75.avi,Two men are <UNK> in a boxing match with <UNK>
0M-PyX2DbZc_25_31.avi,A man wearing a hard hat dances and others cheer him on
wSwwS_0MKEc_68_78.avi,A small man is drinking a large goblet of beer
nlU3crMsbWI_19_23.avi,A person is drawing
6owu8Mow0_g_527_534.avi,A man is smelling pizza
CBD9h0jUq3w_1_7.avi,Men are playing soccer on the beach
mJ9eRvxjLc4_0_16.avi,A dog is licking a baby
P4IjNV3lZkQ_136_144.avi,A woman is pouring oil into a frying pan
UXs3eq68ZjE_280_285.avi,A person is stirring rice
5U3xz9Ovmhk_258_265.avi,A man is wiping the edge of a bowl off
u9prcUCHlqM_73_80.avi,A man is carrying camera equipment while walking
k9Brw_0gncU_14_33.avi,A man is playing an electric guitar
ok4cM6WTA5E_120_133.avi,A person pours a sauce from one pot into another pot
POv7JaE3vJ8_40_50.avi,A man is playing a harp
KFt5Zz5Mwlo_12_30.avi,A cat is playing on a trampoline
5CU2JhYM8tY_14_45.avi,A young girl is dancing while in an <UNK> picture three women are performing the same dance
G-M78KIy19E_315_330.avi,A man is chopping a tree
_sJ_09Mf1HY_49_72.avi,A man is kicking a ball
uAaWVeaYLdQ_1_12.avi,A man is jumping in the air
kWLNZzuo3do_217_222.avi,A woman is brushing flour onto shrimp
iuqVpMdb1NM_35_43.avi,A person folds a piece of paper
-_hbPLsZvvo_43_55.avi,A woman is cutting a carrot
oG6LLGi_n48_51_55.avi,A kid falls off of his bicycle
8jP8CC2rKj4_80_88.avi,A dolphin jumps out of water
HxRK-WqZ5Gk_30_50.avi,A man is going down a water slide
4ge5_V-xhP0_138_142.avi,A man is taking out juice from the refrigerator
8NFoN0K3bPg_20_28.avi,A girl is shooting a gun at a target
e-j59PqJjSM_264_277.avi,A man is cutting a tomato
6gQu8PWhFoQ_37_41.avi,A motorcyclist is sliding along the <UNK> and through a <UNK>
-uT_1VDvXok_8_15.avi,The baby rhino is following her mother
iLr7ZHAq1ro_7_11.avi,A train is moving fast
xxHx6s_DbUo_182_186.avi,A man is breaking a slab of concrete on a man is body
6vSKIUGGLvY_81_87.avi,A man and woman are riding on a boat
fVWUaH2mCt4_1_7.avi,A deer is climbing on to the back of a man
vz71JKcpeUU_0_10.avi,A plane is landing on a runway
YndZ9YulpTo_61_76.avi,A woman is cutting a tomato
_O9kWD8nuRU_16_23.avi,A woman is slicing a carrot
7xNG7qGY9rw_14_29.avi,A person is mixing frosting in a bowl
kzyFBlNRohs_82_88.avi,A boy is playing a guitar
wX-Bl25Htag_104_115.avi,A woman is applying eye shadow on her eyelid
ogcqFaNbah4_475_487.avi,People are dancing
SKhmFSV-XB0_12_18.avi,A girl is singing
ETUJipdnfOM_0_5.avi,A man is playing a saxophone
Vg1jyL3cr60_163_186.avi,Two women are playing violins
nohvigNMsbo_199_207.avi,A woman is pouring oil into a bowl of ingredients
UJKythlXAIY_17_21.avi,A band of four men are playing music in an outdoor location
RQYLGNbal2c_5_10.avi,The men are riding horses through the woods
f-24IxG9ijw_25_40.avi,A man is riding a motorcycle
VahnQw2gTQY_203_210.avi,A man is slicing a potato
qeKX-N1nKiM_52_59.avi,A woman is cutting shrimp
0hyZ__3YhZc_632_637.avi,A man is eating something
g9aZcaEg7iY_0_9.avi,A man is falling down the stairs
JYNzY9jmsQQ_2_10.avi,A dog is eating dirt
EPXsiQw9vvo_1_12.avi,A man rides a motorcycle over a car
YmXCfQm0_CA_109_120.avi,A man is looking at a deer
fIaLVw_Gc_w_99_109.avi,A woman is applying eye liner
SFFfhAUEoj0_10_16.avi,A man is playing a guitar
ViWQUOGIaSU_9_16.avi,A woman is performing a ballet dance on stage under spotlight
4yYapi-5QYQ_33_57.avi,A man performs a card trick
JAFGw0WRHHU_108_116.avi,A man is patting a woman on her back
UXs3eq68ZjE_498_504.avi,A person is pouring rice pudding into a bowl
Q6HuQEIJqcA_9_16.avi,Two puppies playing
Jj4uYHr65H8_28_35.avi,A man is <UNK> the weather
ptHkvYrH9fY_2_10.avi,A man is playing the flute
ywHBKayhyvQ_19_28.avi,A boy is walking across a bridge
clpgffj3sUw_1_12.avi,A person is petting a beaver
1qV4wfjTYIo_151_164.avi,A cat is playing with a straw
lfGlDg47How_361_367.avi,A man is mixing ingredients in a bowl
TgFmoZj3NoM_10_18.avi,A person is slicing an onion
g36ho6UrBz0_5_20.avi,A man is playing a guitar
H1Bok7Dg7g8_21_26.avi,A puppet is talking on a phone
6owu8Mow0_g_275_280.avi,A man is moving the dough onto some pizza crust
yC4eEuURH8c_19_28.avi,A kitten is meowing and running on a bed
TXabUVUxJqI_22_31.avi,A man is exercising
WTf5EgVY5uU_58_76.avi,A woman is slicing a garlic
9d57lHEsLU8_1_14.avi,A frog jumps out of water
RvJH_POzxmc_10_25.avi,A man is singing and playing with his band
q8t7iSGAKik_57_74.avi,A man is kicking a soccer ball
lSnWhsmlGec_5_10.avi,A man is playing the guitar
WTf5EgVY5uU_76_83.avi,A woman is cutting a bouillon cube
DGQL5lx-mwE_2_12.avi,A woman is making a large bubble
3ytUOoa1SBE_12_23.avi,People are dancing on stage
hJFBXHtxKIc_298_303.avi,A man is putting sauce onto some spaghetti
klFyrnrUSck_25_36.avi,A woman is cutting some meat
e996zZ0uV_A_196_204.avi,A man is beating another man
UbmZAe5u5FI_88_98.avi,A woman is pouring oil over fish
KqKUXRHHkCc_101_105.avi,A man is getting hit by an egg
ACOmKiJDkA4_67_74.avi,A woman is cutting something with scissors
xTd_IdIcB4s_2_10.avi,A little boy is walking on a treadmill
fY0lZTWlBAg_470_485.avi,A woman is exercising
gjVBEJGHrXk_26_38.avi,A cat is chasing a dog
4MjTb5A68VA_111_118.avi,A girl is flying a kite
IAvBB2lv8iw_142_148.avi,A man is aiming a gun
Je3V7U5Ctj4_956_961.avi,A man is putting chicken to a box
6t0BpjwYKco_118_127.avi,A woman is cooking
bXsKw3TOQXs_30_55.avi,A person is folding a small piece of paper
PeUHy0A1GF0_78_85.avi,A woman is chopping cabbage
omIPdpxg--4_39_46.avi,A woman reporter falls on a sand castle
PAN5IVvMlVc_17_23.avi,Two girls are dancing
SzEbtbNSg04_88_93.avi,A man is slicing some garlic
CgWYN5e9K10_30_62.avi,A cat is going to the bathroom in a <UNK>
nZSFn51l3hc_660_666.avi,A person is cutting a meat
-_hbPLsZvvo_19_25.avi,A man is slicing a cucumber
2F9jX7u5nOg_114_130.avi,A woman is riding a horse
IhwPQL9dFYc_50_59.avi,A woman is chopping garlic
m1NR0uNNs5Y_88_94.avi,A woman is slicing an onion
OfgSCMxttCc_86_92.avi,A man is showing off a t shirt
-zOrV-5vh1A_69_76.avi,Balls are bouncing down a hill
9Bxknsvy3jQ_53_58.avi,A man is riding a scooter
06CbMa0kDr8_3_13.avi,A red panda is eating food from a persons hand
hJFBXHtxKIc_317_322.avi,A man is eating spaghetti
0hyZ__3YhZc_575_580.avi,A person is dipping a slice of bread into a bowl of chili
k-SWy-sU8cE_5_10.avi,A man is playing a guitar
TdYN7cePiRI_6_13.avi,A man is lifting weights
pmEKZ6yVewc_0_10.avi,A baby is pushing a chair through floor
Ylb4pnW-jP4_102_113.avi,A man is running down the stairs
qeKX-N1nKiM_68_72.avi,A woman is slicing a potato
0lh_UWF9ZP4_178_182.avi,A woman is cutting shrimp
6owu8Mow0_g_692_697.avi,A man is eating a pizza
k4hhWYtaQ14_0_10.avi,A baby is playing with a puppy
J8cP93yG1Ao_14_24.avi,Two cars are racing on a track
AXL1oMdCFUM_45_59.avi,A man is plowing mud
nTUONeDqhdk_10_15.avi,A kid falls over
S-Civm_fbK8_20_26.avi,A boy is kicking a soccer ball into a goal
97JhYpoWxzY_0_4.avi,A baby is eating a pickle
9xVqwy_4pmQ_36_49.avi,A man is spinning eggs on a counter
6owu8Mow0_g_850_855.avi,A man is talking on a cell phone
PslVHtXc7Tg_8_14.avi,A man is driving a car into the side of another car
504gE1DA_4g_1_6.avi,A person is petting a rabbit
2YhDTpzxd3c_174_180.avi,A man is kicking and hitting clay pots
MSrJTeKNzdI_32_36.avi,A person is skiing
LwvyrDxM2G0_0_11.avi,A man is holding a monkey
2mUMTFnQWaw_1_9.avi,A woman is riding a horse
AX38yo7Wuws_81_91.avi,A person is cutting a paper tube with a pair of scissors
QVSt5USMkMg_43_50.avi,A woman is feeding an <UNK>
xEDCfcMZlZY_91_100.avi,A man is mowing the lawn
De815YpTBic_41_48.avi,A man is driving a car
zlS1_zBYluY_15_21.avi,A panda is climbing on a rock
mYzajpeAWuA_100_112.avi,A man is playing an acoustic guitar
b4FM9OLBGyM_37_49.avi,A woman is applying eye liner
VahnQw2gTQY_322_327.avi,A person with a knife is slicing an onion
nb12bAaKzvA_0_10.avi,A slow loris is eating something
wLUH7qA_6sA_90_115.avi,A submarine is going through water
5QJf-l4lPJw_133_138.avi,A woman is cracking an egg into a bowl
7ZE2OzguWHo_28_38.avi,Three boys are dancing in the room
MoqC84sXu88_47_59.avi,A man is balancing on a rope at the beach
PBHZtoygOYg_450_465.avi,A man is laying on the ground
pDvzOLRLjPc_0_8.avi,A person is giving bottles of milk to baby pandas
r4qv_BNlQNk_93_98.avi,A man is eating a rock
ACOmKiJDkA4_121_128.avi,A woman is frying some meat
UXs3eq68ZjE_255_260.avi,Someone is stirring rice in a pot
eoP-SCgYM2w_49_60.avi,A young boy is getting a shot in the arm
MMnnqzOoMF0_68_72.avi,The girl and boy are moving the table
sBjr8UJOpsQ_181_195.avi,A woman is dancing in front of a waterfall
rw9h_574HxE_161_166.avi,A woman is showering
JsmHZlUgf1w_0_21.avi,A puppy is playing with a plastic container
2YhDTpzxd3c_115_120.avi,A man is hands are being run over by a car
eZLxohGP4IE_190_201.avi,A man is hitting a knife with a piece of wood
rwHT2SuNOi8_195_201.avi,A person puts strips of bacon on aluminum foil
tZmDWltBziM_42_47.avi,A man is running
4cgzdXlJksU_83_90.avi,A girl is cutting a plastic bag to make frosting tool
ao-9B8IV9_E_217_221.avi,A dog is pulling a girl down a hill
2YhDTpzxd3c_102_105.avi,A man is breaking boards with a karate chop
45AGQSbodbU_5_15.avi,A small animal is chewing on a finger
K-KVz3eqbnA_1_10.avi,Two women are talking while eating
e996zZ0uV_A_68_72.avi,A man is throwing tennis balls at another man
ljGcQocjSs4_38_60.avi,A man shoots a gun at targets
5dv8MSWlxoQ_10_40.avi,A woman is styling her hair
muI1BFsdbdo_33_45.avi,The men are running in the race
2F9jX7u5nOg_83_97.avi,A woman is riding a horse
nwk4m329bLw_2_10.avi,A woman is walking with dogs
ngHDYzhDBk4_5_14.avi,Five teenage girls standing together in a room look ahead as they throw their pom poms up in the air in unison
ibSwITK4jjQ_14_24.avi,A police man is <UNK> and pointing a gun to a car driver
Mutb8BHFvzk_15_20.avi,A person is pulling an apple apart with his or her bare hands
0wutCy2ZGOQ_4_10.avi,Some boys are playing football
j4dMnAPZu70_12_17.avi,A panda slides down a slide
4Hhdr1IPOGs_90_98.avi,A baby is falling asleep on a couch
klFyrnrUSck_13_19.avi,A woman is cutting an onion
p7IAuvd87hQ_12_19.avi,A horse is pulling three people in a cart
Qjbcibrv3L0_26_32.avi,A man is flying in a jet
WTf5EgVY5uU_33_39.avi,A woman is slicing an onion
v-9Gx0gJmfo_91_99.avi,A woman is rowing a boat
UbmZAe5u5FI_60_70.avi,A woman is slicing ginger
IhzXQ-gc9IQ_125_129.avi,Two people are riding in a car
PHDmVhShE80_82_86.avi,A woman is beating an egg with a wire whisk
WFNXwor69-U_33_40.avi,An elephant is shopping
jLgmCY1fEE8_16_26.avi,A man is talking to women on the beach
