ScdUht-pM6s_53_63.avi,A woman is playing a tomato
wkgGxsuNVSg_34_41.avi,A man is running down a street
BtQtRGI0F2Q_15_20.avi,A kid is doing tricks
k06Ge9ANKM8_5_16.avi,A little girl is dancing
sZf3VDsdDPM_107_114.avi,A woman is applying makeup to a brush
shPymuahrsc_5_12.avi,A cat is meowing
XOAgUVVwKEA_8_20.avi,A baby is sitting on a staircase
ufFT2BWh3BQ_0_8.avi,A baby panda is climbing
5YJaS2Eswg0_22_26.avi,A woman is doing tricks in the air
lw7pTwpx0K0_38_48.avi,A man is putting on a pan
UbmZAe5u5FI_132_141.avi,A person is removing the scales from a piece of chicken
xCFCXzDUGjY_5_9.avi,A man is falling off a wall
He7Ge7Sogrk_47_70.avi,A man is opening a box
tJHUH9tpqPg_113_118.avi,A girl is putting a drink of water
n016q1w8Q30_2_11.avi,A person is doing tricks with a knife
RjpbFlOHFps_8_25.avi,A man and flips fight tricks
6JnGBs88sL0_4_10.avi,A person is hitchhiking on a wall
EpMuCrbxE8A_107_115.avi,A man is showing a woman is holding a large black colored <UNK>
HAjwXjwN9-A_16_24.avi,A man is kicking a soccer ball
4xVGpDmA4lE_23_33.avi,A man is <UNK> a black black black
k5OKBX2e7xA_19_32.avi,A girl is doing front on a motorcycle
Jag7oTemldY_12_25.avi,A man and a woman are talking to each other
8MVo7fje_oE_125_130.avi,A man is shaking a car
bqMmyY1ImkI_0_14.avi,A man is making a ball
jTnrm338_KY_34_42.avi,A person is placing two pieces of meat into a glass bowl
UdcObAQ5OOM_15_30.avi,A man is climbing a wall
4PcL6-mjRNk_11_18.avi,A dog is jumping into a bowl
3qqEKTPxLNs_1_15.avi,A baby is laughing
glrijRGnmc0_211_215.avi,A man is placing a box
q7pOFn8s4zc_263_273.avi,A man and a woman are speaking
mtrCf667KDk_134_176.avi,A person is making a piece of food
0lh_UWF9ZP4_62_69.avi,A woman is adding flour to water
JntMAcTlOF0_50_70.avi,A woman is walking through a field
7NNg0_n-bS8_21_30.avi,A band is singing
IhwPQL9dFYc_124_129.avi,A woman is slicing tofu
BAf3LXFUaGs_28_38.avi,A man is playing a set of drums
6q1dX6thX3E_286_295.avi,A woman is singing and talking to a woman
RZL9irxnhZ0_34_40.avi,A man is putting shredded cream on a towel
WWf0Z6ak3Dg_5_15.avi,A man is breaking a ball
PeUHy0A1GF0_114_121.avi,A woman is removing the skin from a piece of raw shrimp
klteYv1Uv9A_27_33.avi,A man is performing stunts on a white scooter
e-j59PqJjSM_405_416.avi,A person is adding spices to a bowl of some sauce
778mkceE0UQ_40_46.avi,A car is driving through a car
77iDIp40m9E_126_131.avi,A cat jumps over a roof
e-j59PqJjSM_50_98.avi,A person is cutting onions
Dgf0VHMEtNs_57_66.avi,A woman is taking a bath
f9Won2JpOEU_60_80.avi,A cat is playing with a ball
dfOuTx66bJU_34_39.avi,A woman is dancing in the rain
04Gt01vatkk_248_265.avi,A woman is making an onion
rl1rVk_xIOs_1_16.avi,A man is boxing on a table
v7iIZXtpIb8_5_15.avi,A man is showing a card
DhwrBs96Kgk_120_124.avi,A woman is dancing and a black black black black black black black black black black black black black black black black black black black black black black black black black black black black black black black black black black black and swims
qLwgb3F0aPU_298_305.avi,A group of people are fighting
qeKX-N1nKiM_0_5.avi,The lady cut the butter in the plate
1Sp2__RCT0c_11_15.avi,A big light is flying in a huge
Fe4tO5vW9_E_64_70.avi,A woman is putting fish into water
mmSQTI6gMNQ_120_128.avi,A man is punching a woman
HV12kTtdTT4_5_14.avi,A boy is sitting on a couch
0lh_UWF9ZP4_27_31.avi,A person is slicing a potato into pieces
Je3V7U5Ctj4_569_576.avi,A person is placing two small onion on a piece of chicken
30GeJHYoerk_121_126.avi,A man and a woman are walking down a slope
04Gt01vatkk_308_321.avi,A woman is putting shredded on a paper towel
zulPFoY64wE_26_33.avi,A man is running
MrQd1zUVRUM_103_110.avi,A woman is doing some dance
xxHx6s_DbUo_216_222.avi,A man is doing a hanging dance
71soiLO6I9U_15_24.avi,A person is doing some magic with a knife
UXs3eq68ZjE_250_255.avi,A person is stirring water in a pot
jbzaMtPYtl8_48_58.avi,A woman is doing exercise
8HB7ywgJuTg_131_142.avi,A woman is cooking beef
Cjf21Y19aUQ_82_86.avi,A man is talking on a banana
qvg9eM4Hmzk_4_10.avi,A man is lifting a truck
5HAf_INrFy0_3_25.avi,A boy is trying to attack a boy
YmXCfQm0_CA_277_284.avi,A person is cutting a beef
88DOMJ11q2M_84_87.avi,A man is doing a skateboard trick
NUYu9c9XsgY_7_21.avi,A person is holding a small piece of fruit
N3A7944_UJw_63_70.avi,A man is putting water out of a plastic container
uJPupV4oLZ0_4_12.avi,A frog bites a bites
cnsjm3fNEec_4_10.avi,A female man is doing exercise
J_evFB7RIKA_104_120.avi,A woman is slicing a vegetable
g1Gldu1KS44_8_14.avi,A baby is <UNK> with a large black finger
s1ZABV7AQdA_38_48.avi,A woman is dancing
tcxhOGyrCtI_15_21.avi,A cat is playing with a baby
inzk2fTUe1w_1_15.avi,A man is taking a bubble bath
j2Dhf-xFUxU_13_20.avi,A woman is slicing a leek
MTjrZthHwJQ_2_11.avi,A woman is walking in a pool
J---aiyznGQ_0_6.avi,A person is holding a pencil
ZbtpcGi2DWY_161_170.avi,A man is laying in front of a large baby
RSx5G0_xH48_12_17.avi,A kitten is playing with a tennis ball
ecm9gf2Pgkc_1_24.avi,A person is folding a white white white white cloth
pW9DFPqoIsI_26_50.avi,A man is taking a piece of paper
N2Cm0SLr0ZE_18_29.avi,A man is climbing a climbing
sJSmRik2c-c_1_7.avi,A bullet train is traveling in a garage
zv2RIbUsnSw_335_341.avi,A man is showing a woman is holding a liquor ball
aM-RcQj0a7I_37_55.avi,A person is cooking water in hot water
TZ860P4iTaM_15_28.avi,A kid is playing with a piano
lo4KcsBN--A_0_10.avi,A bird is climbing a mans head
u4T76jsPin0_0_11.avi,A group of men are playing soccer
7HcYJKMxpcg_20_28.avi,A monkey is riding a bicycle
CGllPWAwmUo_1_15.avi,A man is hitting a wall
WTf5EgVY5uU_124_128.avi,A person is frying onions
